{"(1.0, 0.0)": {"struct_tag": ["POSCAR_Al1_No1"], "input_path": ["../../../rss_mlp/Al-Cu/0.0GPa/3_0/opt_struct/POSCAR_15"], "fe_above_ch": [0.0], "formation_e": [0.0]}, "(0.75, 0.25)": {"struct_tag": ["POSCAR_Al3Cu1_No1"], "input_path": ["../../../rss_mlp/Al-Cu/0.0GPa/3_1/opt_struct/POSCAR_19"], "fe_above_ch": [0.0014527988149634213], "formation_e": [-0.07804476976628294]}, "(0.6666666667, 0.3333333333)": {"struct_tag": ["POSCAR_Al2Cu1_No1"], "input_path": ["../../../rss_mlp/Al-Cu/0.0GPa/2_1/opt_struct/POSCAR_30"], "fe_above_ch": [0.0], "formation_e": [-0.1059967580977288]}, "(0.5, 0.5)": {"struct_tag": ["POSCAR_Al1Cu1_No1", "POSCAR_Al1Cu1_No2"], "input_path": ["../../../rss_mlp/Al-Cu/0.0GPa/2_2/opt_struct/POSCAR_9", "../../../rss_mlp/Al-Cu/0.0GPa/2_2/opt_struct/POSCAR_18"], "fe_above_ch": [0.0013927578947054986, 0.0030082748629329803], "formation_e": [-0.15053340545133365, -0.14891788848310616]}, "(0.3333333333, 0.6666666667)": {"struct_tag": ["POSCAR_Al1Cu2_No1"], "input_path": ["../../../rss_mlp/Al-Cu/0.0GPa/1_2/opt_struct/POSCAR_16"], "fe_above_ch": [0.0], "formation_e": [-0.1978555685943495]}, "(0.25, 0.75)": {"struct_tag": ["POSCAR_Al1Cu3_No1"], "input_path": ["../../../rss_mlp/Al-Cu/0.0GPa/1_3/opt_struct/POSCAR_10"], "fe_above_ch": [0.0], "formation_e": [-0.1850945183500543]}, "(0.0, 1.0)": {"struct_tag": ["POSCAR_Cu1_No1", "POSCAR_Cu1_No2", "POSCAR_Cu1_No3"], "input_path": ["../../../rss_mlp/Al-Cu/0.0GPa/0_3/opt_struct/POSCAR_12", "../../../rss_mlp/Al-Cu/0.0GPa/0_3/opt_struct/POSCAR_19", "../../../rss_mlp/Al-Cu/0.0GPa/0_2/opt_struct/POSCAR_30"], "fe_above_ch": [0.0, 0.005562378822631775, 0.008508546536657668], "formation_e": [0.0, 0.005562378822631775, 0.008508546536657668]}}