{"(1.0, 0.0)": {"formation_e": [0.0, 0.010202463404022755, 0.010458422276101054, 0.012205742869004776, 0.012559917679783705, 0.015002224364609518, 0.01570424892896094, 0.020574413794703705, 0.030310757719273163, 0.03940977034108606, 0.04030481185062662, 0.04466580591188496, 0.045719320440625655, 0.04747404212519468], "poscars": ["../../../rss_mlp/Al-Cu/0.0GPa/2_0/opt_struct/POSCAR_1", "../../../rss_mlp/Al-Cu/0.0GPa/6_0/opt_struct/POSCAR_149", "../../../rss_mlp/Al-Cu/0.0GPa/6_0/opt_struct/POSCAR_222", "../../../rss_mlp/Al-Cu/0.0GPa/5_0/opt_struct/POSCAR_133", "../../../rss_mlp/Al-Cu/0.0GPa/5_0/opt_struct/POSCAR_128", "../../../rss_mlp/Al-Cu/0.0GPa/8_0/opt_struct/POSCAR_54", "../../../rss_mlp/Al-Cu/0.0GPa/8_0/opt_struct/POSCAR_27", "../../../rss_mlp/Al-Cu/0.0GPa/6_0/opt_struct/POSCAR_17", "../../../rss_mlp/Al-Cu/0.0GPa/2_0/opt_struct/POSCAR_32", "../../../rss_mlp/Al-Cu/0.0GPa/8_0/opt_struct/POSCAR_68", "../../../rss_mlp/Al-Cu/0.0GPa/8_0/opt_struct/POSCAR_10", "../../../rss_mlp/Al-Cu/0.0GPa/7_0/opt_struct/POSCAR_45", "../../../rss_mlp/Al-Cu/0.0GPa/7_0/opt_struct/POSCAR_82", "../../../rss_mlp/Al-Cu/0.0GPa/7_0/opt_struct/POSCAR_109"], "fe_above_ch": [0.0, 0.010202463404022755, 0.010458422276101054, 0.012205742869004776, 0.012559917679783705, 0.015002224364609518, 0.01570424892896094, 0.020574413794703705, 0.030310757719273163, 0.03940977034108606, 0.04030481185062662, 0.04466580591188496, 0.045719320440625655, 0.04747404212519468]}, "(0.875, 0.125)": {"formation_e": [-0.041414562599715765, -0.027366311664060117, -0.026683804660944777, -0.026552142923434108, -0.024510209336598976, -0.02450600124797031, -0.02380614416680782, -0.021916323901781443, -0.021774844358079193, -0.020890352583673888, -0.02087855513082415, -0.01999273681288649, -0.019055190517072607], "poscars": ["../../../rss_mlp/Al-Cu/0.0GPa/7_1/opt_struct/POSCAR_48", "../../../rss_mlp/Al-Cu/0.0GPa/7_1/opt_struct/POSCAR_28", "../../../rss_mlp/Al-Cu/0.0GPa/7_1/opt_struct/POSCAR_172", "../../../rss_mlp/Al-Cu/0.0GPa/7_1/opt_struct/POSCAR_104", "../../../rss_mlp/Al-Cu/0.0GPa/7_1/opt_struct/POSCAR_21", "../../../rss_mlp/Al-Cu/0.0GPa/7_1/opt_struct/POSCAR_127", "../../../rss_mlp/Al-Cu/0.0GPa/7_1/opt_struct/POSCAR_141", "../../../rss_mlp/Al-Cu/0.0GPa/7_1/opt_struct/POSCAR_9", "../../../rss_mlp/Al-Cu/0.0GPa/7_1/opt_struct/POSCAR_60", "../../../rss_mlp/Al-Cu/0.0GPa/7_1/opt_struct/POSCAR_55", "../../../rss_mlp/Al-Cu/0.0GPa/7_1/opt_struct/POSCAR_17", "../../../rss_mlp/Al-Cu/0.0GPa/7_1/opt_struct/POSCAR_217", "../../../rss_mlp/Al-Cu/0.0GPa/7_1/opt_struct/POSCAR_87"], "fe_above_ch": [0.0246830705126376, 0.03873132144829325, 0.03941382845140859, 0.03954549018891926, 0.04158742377575439, 0.041591631864383055, 0.04229148894554555, 0.04418130921057192, 0.04432278875427417, 0.04520728052867948, 0.045219077981529215, 0.046104896299466874, 0.04704244259528076]}, "(0.8571428571, 0.1428571429)": {"formation_e": [-0.04763461152427961, -0.031585471206964755, -0.028761844434375128], "poscars": ["../../../rss_mlp/Al-Cu/0.0GPa/6_1/opt_struct/POSCAR_195", "../../../rss_mlp/Al-Cu/0.0GPa/6_1/opt_struct/POSCAR_25", "../../../rss_mlp/Al-Cu/0.0GPa/6_1/opt_struct/POSCAR_61"], "fe_above_ch": [0.027905540626786296, 0.043954680944101154, 0.04677830771669078]}, "(0.8333333333, 0.1666666667)": {"formation_e": [-0.05793294755767198], "poscars": ["../../../rss_mlp/Al-Cu/0.0GPa/5_1/opt_struct/POSCAR_42"], "fe_above_ch": [0.03019722994309189]}, "(0.8, 0.2)": {"formation_e": [-0.06591920785219374], "poscars": ["../../../rss_mlp/Al-Cu/0.0GPa/4_1/opt_struct/POSCAR_8"], "fe_above_ch": [0.03983700512757167]}, "(0.75, 0.25)": {"formation_e": [], "poscars": [], "fe_above_ch": []}, "(0.7142857143, 0.2857142857)": {"formation_e": [], "poscars": [], "fe_above_ch": []}, "(0.6666666667, 0.3333333333)": {"formation_e": [-0.17626035494864967], "poscars": ["../../../rss_mlp/Al-Cu/0.0GPa/2_1/opt_struct/POSCAR_7"], "fe_above_ch": [0.0]}, "(0.625, 0.375)": {"formation_e": [], "poscars": [], "fe_above_ch": []}, "(0.6, 0.4)": {"formation_e": [-0.15636631380522736], "poscars": ["../../../rss_mlp/Al-Cu/0.0GPa/3_2/opt_struct/POSCAR_185"], "fe_above_ch": [0.02665694344890554]}, "(0.5714285714, 0.4285714286)": {"formation_e": [-0.1606104522437901, -0.1451781367968792, -0.14072217971158008], "poscars": ["../../../rss_mlp/Al-Cu/0.0GPa/4_3/opt_struct/POSCAR_103", "../../../rss_mlp/Al-Cu/0.0GPa/4_3/opt_struct/POSCAR_11", "../../../rss_mlp/Al-Cu/0.0GPa/4_3/opt_struct/POSCAR_17"], "fe_above_ch": [0.025311191714141923, 0.04074350716105285, 0.04519946424635196]}, "(0.5, 0.5)": {"formation_e": [-0.1587116946818279, -0.15707283284614215, -0.15696405871033647, -0.152837747219293, -0.15053340545129368, -0.14891788848248666, -0.1483406018996405, -0.14663834056936098, -0.14612941194995166, -0.1452429879054149, -0.14521152779044932], "poscars": ["../../../rss_mlp/Al-Cu/0.0GPa/2_2/opt_struct/POSCAR_38", "../../../rss_mlp/Al-Cu/0.0GPa/4_4/opt_struct/POSCAR_27", "../../../rss_mlp/Al-Cu/0.0GPa/2_2/opt_struct/POSCAR_23", "../../../rss_mlp/Al-Cu/0.0GPa/3_3/opt_struct/POSCAR_75", "../../../rss_mlp/Al-Cu/0.0GPa/2_2/opt_struct/POSCAR_26", "../../../rss_mlp/Al-Cu/0.0GPa/2_2/opt_struct/POSCAR_91", "../../../rss_mlp/Al-Cu/0.0GPa/3_3/opt_struct/POSCAR_137", "../../../rss_mlp/Al-Cu/0.0GPa/3_3/opt_struct/POSCAR_23", "../../../rss_mlp/Al-Cu/0.0GPa/4_4/opt_struct/POSCAR_94", "../../../rss_mlp/Al-Cu/0.0GPa/4_4/opt_struct/POSCAR_115", "../../../rss_mlp/Al-Cu/0.0GPa/3_3/opt_struct/POSCAR_175"], "fe_above_ch": [0.03445591602545764, 0.03609477786114337, 0.03620355199694905, 0.04032986348799253, 0.04263420525599185, 0.044249722224798865, 0.044827008807645036, 0.046529270137924544, 0.047038198757333866, 0.047924622801870626, 0.0479560829168362]}, "(0.4285714286, 0.5714285714)": {"formation_e": [-0.18569824879765306, -0.18162861070675929, -0.17838774845537042, -0.16081773073089645, -0.15892711771852275, -0.15630943242296658, -0.15395993625944993, -0.15250888335547952, -0.1514045217296931], "poscars": ["../../../rss_mlp/Al-Cu/0.0GPa/3_4/opt_struct/POSCAR_64", "../../../rss_mlp/Al-Cu/0.0GPa/3_4/opt_struct/POSCAR_71", "../../../rss_mlp/Al-Cu/0.0GPa/3_4/opt_struct/POSCAR_194", "../../../rss_mlp/Al-Cu/0.0GPa/3_4/opt_struct/POSCAR_103", "../../../rss_mlp/Al-Cu/0.0GPa/3_4/opt_struct/POSCAR_52", "../../../rss_mlp/Al-Cu/0.0GPa/3_4/opt_struct/POSCAR_34", "../../../rss_mlp/Al-Cu/0.0GPa/3_4/opt_struct/POSCAR_210", "../../../rss_mlp/Al-Cu/0.0GPa/3_4/opt_struct/POSCAR_131", "../../../rss_mlp/Al-Cu/0.0GPa/3_4/opt_struct/POSCAR_74"], "fe_above_ch": [0.014715328658985949, 0.018784966749879728, 0.022025829001268593, 0.03959584672574257, 0.041486459738116266, 0.04410414503367244, 0.04645364119718909, 0.047904694101159495, 0.049009055726945916]}, "(0.4, 0.6)": {"formation_e": [-0.19207777236724688, -0.1762719373123529, -0.17047759239726634, -0.16494691123931027], "poscars": ["../../../rss_mlp/Al-Cu/0.0GPa/2_3/opt_struct/POSCAR_25", "../../../rss_mlp/Al-Cu/0.0GPa/2_3/opt_struct/POSCAR_48", "../../../rss_mlp/Al-Cu/0.0GPa/2_3/opt_struct/POSCAR_93", "../../../rss_mlp/Al-Cu/0.0GPa/2_3/opt_struct/POSCAR_4"], "fe_above_ch": [0.011234191793191267, 0.027040026848085236, 0.032834371763171805, 0.03836505292112788]}, "(0.375, 0.625)": {"formation_e": [-0.1948370712082057, -0.19256264644597687, -0.18994663363117636, -0.17767219609210283, -0.1765339770436083, -0.1762422988072312, -0.17594458475459218, -0.17589765568885163, -0.17521000252082164], "poscars": ["../../../rss_mlp/Al-Cu/0.0GPa/3_5/opt_struct/POSCAR_189", "../../../rss_mlp/Al-Cu/0.0GPa/3_5/opt_struct/POSCAR_48", "../../../rss_mlp/Al-Cu/0.0GPa/3_5/opt_struct/POSCAR_86", "../../../rss_mlp/Al-Cu/0.0GPa/3_5/opt_struct/POSCAR_220", "../../../rss_mlp/Al-Cu/0.0GPa/3_5/opt_struct/POSCAR_35", "../../../rss_mlp/Al-Cu/0.0GPa/3_5/opt_struct/POSCAR_28", "../../../rss_mlp/Al-Cu/0.0GPa/3_5/opt_struct/POSCAR_63", "../../../rss_mlp/Al-Cu/0.0GPa/3_5/opt_struct/POSCAR_88", "../../../rss_mlp/Al-Cu/0.0GPa/3_5/opt_struct/POSCAR_45"],