{"(1.0, 0.0)": {"formation_e": [0.0, 0.010202463404056505, 0.010458422276134804, 0.012205742869038527, 0.012559917679817456, 0.01500222436485199, 0.01570424892896849, 0.020574413794737456, 0.0303107577192967, 0.03940977034111981, 0.04030481185066037, 0.04466580591191871, 0.045719320440659406, 0.04747404212522843], "poscars": ["../../../rss_mlp/Al-Cu/0.0GPa/4_0/opt_struct/POSCAR_5", "../../../rss_mlp/Al-Cu/0.0GPa/6_0/opt_struct/POSCAR_149", "../../../rss_mlp/Al-Cu/0.0GPa/6_0/opt_struct/POSCAR_222", "../../../rss_mlp/Al-Cu/0.0GPa/5_0/opt_struct/POSCAR_133", "../../../rss_mlp/Al-Cu/0.0GPa/5_0/opt_struct/POSCAR_128", "../../../rss_mlp/Al-Cu/0.0GPa/4_0/opt_struct/POSCAR_94", "../../../rss_mlp/Al-Cu/0.0GPa/4_0/opt_struct/POSCAR_39", "../../../rss_mlp/Al-Cu/0.0GPa/6_0/opt_struct/POSCAR_17", "../../../rss_mlp/Al-Cu/0.0GPa/4_0/opt_struct/POSCAR_1", "../../../rss_mlp/Al-Cu/0.0GPa/8_0/opt_struct/POSCAR_68", "../../../rss_mlp/Al-Cu/0.0GPa/8_0/opt_struct/POSCAR_10", "../../../rss_mlp/Al-Cu/0.0GPa/7_0/opt_struct/POSCAR_45", "../../../rss_mlp/Al-Cu/0.0GPa/7_0/opt_struct/POSCAR_82", "../../../rss_mlp/Al-Cu/0.0GPa/7_0/opt_struct/POSCAR_109"], "fe_above_ch": [0.0, 0.010202463404056505, 0.010458422276134804, 0.012205742869038527, 0.012559917679817456, 0.01500222436485199, 0.01570424892896849, 0.020574413794737456, 0.0303107577192967, 0.03940977034111981, 0.04030481185066037, 0.04466580591191871, 0.045719320440659406, 0.04747404212522843]}, "(0.875, 0.125)": {"formation_e": [-0.041414562599686455, -0.027366311664030807, -0.026683804660915467, -0.026552142923404798, -0.024510209336569666, -0.024506001247941, -0.02380614416677851, -0.021916323901752133, -0.021774844358049883, -0.020890352583644578, -0.02087855513079484, -0.01999273681285718, -0.019055190517043297], "poscars": ["../../../rss_mlp/Al-Cu/0.0GPa/7_1/opt_struct/POSCAR_48", "../../../rss_mlp/Al-Cu/0.0GPa/7_1/opt_struct/POSCAR_28", "../../../rss_mlp/Al-Cu/0.0GPa/7_1/opt_struct/POSCAR_172", "../../../rss_mlp/Al-Cu/0.0GPa/7_1/opt_struct/POSCAR_104", "../../../rss_mlp/Al-Cu/0.0GPa/7_1/opt_struct/POSCAR_21", "../../../rss_mlp/Al-Cu/0.0GPa/7_1/opt_struct/POSCAR_127", "../../../rss_mlp/Al-Cu/0.0GPa/7_1/opt_struct/POSCAR_141", "../../../rss_mlp/Al-Cu/0.0GPa/7_1/opt_struct/POSCAR_9", "../../../rss_mlp/Al-Cu/0.0GPa/7_1/opt_struct/POSCAR_60", "../../../rss_mlp/Al-Cu/0.0GPa/7_1/opt_struct/POSCAR_55", "../../../rss_mlp/Al-Cu/0.0GPa/7_1/opt_struct/POSCAR_17", "../../../rss_mlp/Al-Cu/0.0GPa/7_1/opt_struct/POSCAR_217", "../../../rss_mlp/Al-Cu/0.0GPa/7_1/opt_struct/POSCAR_87"], "fe_above_ch": [0.02468307051265828, 0.03873132144831393, 0.03941382845142927, 0.039545490188939936, 0.04158742377577507, 0.04159163186440373, 0.042291488945566225, 0.0441813092105926, 0.04432278875429485, 0.045207280528700156, 0.04521907798154989, 0.04610489629948755, 0.04704244259530144]}, "(0.8571428571, 0.1428571429)": {"formation_e": [-0.04763461152425075, -0.03158547120693589, -0.028761844434346262], "poscars": ["../../../rss_mlp/Al-Cu/0.0GPa/6_1/opt_struct/POSCAR_195", "../../../rss_mlp/Al-Cu/0.0GPa/6_1/opt_struct/POSCAR_25", "../../../rss_mlp/Al-Cu/0.0GPa/6_1/opt_struct/POSCAR_61"], "fe_above_ch": [0.02790554062680528, 0.04395468094412014, 0.046778307716709766]}, "(0.8333333333, 0.1666666667)": {"formation_e": [-0.057932947557643555], "poscars": ["../../../rss_mlp/Al-Cu/0.0GPa/5_1/opt_struct/POSCAR_42"], "fe_above_ch": [0.030197229943108778]}, "(0.8, 0.2)": {"formation_e": [-0.06591920785216665], "poscars": ["../../../rss_mlp/Al-Cu/0.0GPa/4_1/opt_struct/POSCAR_8"], "fe_above_ch": [0.03983700512758494]}, "(0.75, 0.25)": {"formation_e": [], "poscars": [], "fe_above_ch": []}, "(0.7142857143, 0.2857142857)": {"formation_e": [], "poscars": [], "fe_above_ch": []}, "(0.6666666667, 0.3333333333)": {"formation_e": [-0.17626035494862657], "poscars": ["../../../rss_mlp/Al-Cu/0.0GPa/2_1/opt_struct/POSCAR_7"], "fe_above_ch": [0.0]}, "(0.625, 0.375)": {"formation_e": [], "poscars": [], "fe_above_ch": []}, "(0.6, 0.4)": {"formation_e": [-0.1563663138052065], "poscars": ["../../../rss_mlp/Al-Cu/0.0GPa/3_2/opt_struct/POSCAR_185"], "fe_above_ch": [0.02665694344890543]}, "(0.5714285714, 0.4285714286)": {"formation_e": [-0.16061045224377013, -0.1451781367968592, -0.1407221797115601], "poscars": ["../../../rss_mlp/Al-Cu/0.0GPa/4_3/opt_struct/POSCAR_103", "../../../rss_mlp/Al-Cu/0.0GPa/4_3/opt_struct/POSCAR_11", "../../../rss_mlp/Al-Cu/0.0GPa/4_3/opt_struct/POSCAR_17"], "fe_above_ch": [0.02531119171414184, 0.04074350716105277, 0.04519946424635188]}, "(0.5, 0.5)": {"formation_e": [-0.15871169468181012, -0.1570728328461244, -0.1569640587103187, -0.15283774721927523, -0.15053340545127591, -0.14891788848305065, -0.14834060189962273, -0.14663834056934322, -0.1461294119499339, -0.14524298790539714, -0.14521152779043156], "poscars": ["../../../rss_mlp/Al-Cu/0.0GPa/2_2/opt_struct/POSCAR_38", "../../../rss_mlp/Al-Cu/0.0GPa/4_4/opt_struct/POSCAR_27", "../../../rss_mlp/Al-Cu/0.0GPa/2_2/opt_struct/POSCAR_23", "../../../rss_mlp/Al-Cu/0.0GPa/3_3/opt_struct/POSCAR_75", "../../../rss_mlp/Al-Cu/0.0GPa/2_2/opt_struct/POSCAR_26", "../../../rss_mlp/Al-Cu/0.0GPa/1_1/opt_struct/POSCAR_7", "../../../rss_mlp/Al-Cu/0.0GPa/3_3/opt_struct/POSCAR_137", "../../../rss_mlp/Al-Cu/0.0GPa/3_3/opt_struct/POSCAR_23", "../../../rss_mlp/Al-Cu/0.0GPa/4_4/opt_struct/POSCAR_94", "../../../rss_mlp/Al-Cu/0.0GPa/4_4/opt_struct/POSCAR_115", "../../../rss_mlp/Al-Cu/0.0GPa/3_3/opt_struct/POSCAR_175"], "fe_above_ch": [0.03445591602545761, 0.036094777861143346, 0.036203551996949024, 0.0403298634879925, 0.04263420525599182, 0.04424972222421708, 0.04482700880764501, 0.04652927013792452, 0.04703819875733384, 0.0479246228018706, 0.047956082916836174]}, "(0.4285714286, 0.5714285714)": {"formation_e": [-0.18569824879763752, -0.18162861070674374, -0.17838774845535488, -0.1608177307308809, -0.1589271177185072, -0.15630943242295103, -0.15395993625943438, -0.15250888335546398, -0.15140452172967755], "poscars": ["../../../rss_mlp/Al-Cu/0.0GPa/3_4/opt_struct/POSCAR_64", "../../../rss_mlp/Al-Cu/0.0GPa/3_4/opt_struct/POSCAR_71", "../../../rss_mlp/Al-Cu/0.0GPa/3_4/opt_struct/POSCAR_194", "../../../rss_mlp/Al-Cu/0.0GPa/3_4/opt_struct/POSCAR_103", "../../../rss_mlp/Al-Cu/0.0GPa/3_4/opt_struct/POSCAR_52", "../../../rss_mlp/Al-Cu/0.0GPa/3_4/opt_struct/POSCAR_34", "../../../rss_mlp/Al-Cu/0.0GPa/3_4/opt_struct/POSCAR_210", "../../../rss_mlp/Al-Cu/0.0GPa/3_4/opt_struct/POSCAR_131", "../../../rss_mlp/Al-Cu/0.0GPa/3_4/opt_struct/POSCAR_74"], "fe_above_ch": [0.014715328658986004, 0.018784966749879783, 0.02202582900126865, 0.03959584672574262, 0.04148645973811632, 0.04410414503367249, 0.046453641197189144, 0.04790469410115955, 0.04900905572694597]}, "(0.4, 0.6)": {"formation_e": [-0.19207777236723267, -0.1762719373123387, -0.17047759239725213, -0.16494691123929606], "poscars": ["../../../rss_mlp/Al-Cu/0.0GPa/2_3/opt_struct/POSCAR_25", "../../../rss_mlp/Al-Cu/0.0GPa/2_3/opt_struct/POSCAR_48", "../../../rss_mlp/Al-Cu/0.0GPa/2_3/opt_struct/POSCAR_93", "../../../rss_mlp/Al-Cu/0.0GPa/2_3/opt_struct/POSCAR_4"], "fe_above_ch": [0.011234191793190906, 0.027040026848084875, 0.032834371763171444, 0.03836505292112752]}, "(0.375, 0.625)": {"formation_e": [-0.19483707120819194, -0.1925626464459631, -0.1899466336311626, -0.17767219609208906, -0.17653397704359453, -0.17624229880721742, -0.17594458475457841, -0.17589765568883786, -0.17521000252080787], "poscars": ["../../../rss_mlp/Al-Cu/0.0GPa/3_5/opt_struct/POSCAR_189", "../../../rss_mlp/Al-Cu/0.0GPa/3_5/opt_struct/POSCAR_48", "../../../rss_mlp/Al-Cu/0.0GPa/3_5/opt_struct/POSCAR_86", "../../../rss_mlp/Al-Cu/0.0GPa/3_5/opt_struct/POSCAR_220", "../../../rss_mlp/Al-Cu/0.0GPa/3_5/opt_struct/POSCAR_35", "../../../rss_mlp/Al-Cu/0.0GPa/3_5/opt_struct/POSCAR_28", "../../../rss_mlp/Al-Cu/0.0GPa/3_5/opt_struct/POSCAR_63", "../../../rss_mlp/Al-Cu/0.0GPa/3_5/opt_struct/POSCAR_88", "../../../rss_mlp/Al-Cu/0.0GPa/3_5/opt_struct/POSCAR_45"],