{"(1.0, 0.0)": {"formation_e": [0.0, 0.010202463404056505, 0.010458422276134804, 0.012205742869038527, 0.012559917679817456, 0.01500222436485199, 0.01570424892896849, 0.020574413794737456, 0.0303107577192967, 0.03940977034111981], "poscars": ["../../../rss_mlp/Al-Cu/0.0GPa/4_0/opt_struct/POSCAR_5", "../../../rss_mlp/Al-Cu/0.0GPa/6_0/opt_struct/POSCAR_149", "../../../rss_mlp/Al-Cu/0.0GPa/6_0/opt_struct/POSCAR_222", "../../../rss_mlp/Al-Cu/0.0GPa/5_0/opt_struct/POSCAR_133", "../../../rss_mlp/Al-Cu/0.0GPa/5_0/opt_struct/POSCAR_128", "../../../rss_mlp/Al-Cu/0.0GPa/4_0/opt_struct/POSCAR_94", "../../../rss_mlp/Al-Cu/0.0GPa/4_0/opt_struct/POSCAR_39", "../../../rss_mlp/Al-Cu/0.0GPa/6_0/opt_struct/POSCAR_17", "../../../rss_mlp/Al-Cu/0.0GPa/4_0/opt_struct/POSCAR_1", "../../../rss_mlp/Al-Cu/0.0GPa/8_0/opt_struct/POSCAR_68"], "fe_above_ch": [0.0, 0.010202463404056505, 0.010458422276134804, 0.012205742869038527, 0.012559917679817456, 0.01500222436485199, 0.01570424892896849, 0.020574413794737456, 0.0303107577192967, 0.03940977034111981]}, "(0.875, 0.125)": {"formation_e": [-0.041414562599686455, -0.027366311664030807, -0.026683804660915467, -0.026552142923404798], "poscars": ["../../../rss_mlp/Al-Cu/0.0GPa/7_1/opt_struct/POSCAR_48", "../../../rss_mlp/Al-Cu/0.0GPa/7_1/opt_struct/POSCAR_28", "../../../rss_mlp/Al-Cu/0.0GPa/7_1/opt_struct/POSCAR_172", "../../../rss_mlp/Al-Cu/0.0GPa/7_1/opt_struct/POSCAR_104"], "fe_above_ch": [0.02468307051265828, 0.03873132144831393, 0.03941382845142927, 0.039545490188939936]}, "(0.8571428571, 0.1428571429)": {"formation_e": [-0.04763461152425075], "poscars": ["../../../rss_mlp/Al-Cu/0.0GPa/6_1/opt_struct/POSCAR_195"], "fe_above_ch": [0.02790554062680528]}, "(0.8333333333, 0.1666666667)": {"formation_e": [-0.057932947557643555], "poscars": ["../../../rss_mlp/Al-Cu/0.0GPa/5_1/opt_struct/POSCAR_42"], "fe_above_ch": [0.030197229943108778]}, "(0.8, 0.2)": {"formation_e": [-0.06591920785216665], "poscars": ["../../../rss_mlp/Al-Cu/0.0GPa/4_1/opt_struct/POSCAR_8"], "fe_above_ch": [0.03983700512758494]}, "(0.75, 0.25)": {"formation_e": [], "poscars": [], "fe_above_ch": []}, "(0.7142857143, 0.2857142857)": {"formation_e": [], "poscars": [], "fe_above_ch": []}, "(0.6666666667, 0.3333333333)": {"formation_e": [-0.17626035494862657], "poscars": ["../../../rss_mlp/Al-Cu/0.0GPa/2_1/opt_struct/POSCAR_7"], "fe_above_ch": [0.0]}, "(0.625, 0.375)": {"formation_e": [], "poscars": [], "fe_above_ch": []}, "(0.6, 0.4)": {"formation_e": [-0.1563663138052065], "poscars": ["../../../rss_mlp/Al-Cu/0.0GPa/3_2/opt_struct/POSCAR_185"], "fe_above_ch": [0.02665694344890543]}, "(0.5714285714, 0.4285714286)": {"formation_e": [-0.16061045224377013], "poscars": ["../../../rss_mlp/Al-Cu/0.0GPa/4_3/opt_struct/POSCAR_103"], "fe_above_ch": [0.02531119171414184]}, "(0.5, 0.5)": {"formation_e": [-0.15871169468181012, -0.1570728328461244, -0.1569640587103187], "poscars": ["../../../rss_mlp/Al-Cu/0.0GPa/2_2/opt_struct/POSCAR_38", "../../../rss_mlp/Al-Cu/0.0GPa/4_4/opt_struct/POSCAR_27", "../../../rss_mlp/Al-Cu/0.0GPa/2_2/opt_struct/POSCAR_23"], "fe_above_ch": [0.03445591602545761, 0.036094777861143346, 0.036203551996949024]}, "(0.4285714286, 0.5714285714)": {"formation_e": [-0.18569824879763752, -0.18162861070674374, -0.17838774845535488, -0.1608177307308809], "poscars": ["../../../rss_mlp/Al-Cu/0.0GPa/3_4/opt_struct/POSCAR_64", "../../../rss_mlp/Al-Cu/0.0GPa/3_4/opt_struct/POSCAR_71", "../../../rss_mlp/Al-Cu/0.0GPa/3_4/opt_struct/POSCAR_194", "../../../rss_mlp/Al-Cu/0.0GPa/3_4/opt_struct/POSCAR_103"], "fe_above_ch": [0.014715328658986004, 0.018784966749879783, 0.02202582900126865, 0.03959584672574262]}, "(0.4, 0.6)": {"formation_e": [-0.19207777236723267, -0.1762719373123387, -0.17047759239725213, -0.16494691123929606], "poscars": ["../../../rss_mlp/Al-Cu/0.0GPa/2_3/opt_struct/POSCAR_25", "../../../rss_mlp/Al-Cu/0.0GPa/2_3/opt_struct/POSCAR_48", "../../../rss_mlp/Al-Cu/0.0GPa/2_3/opt_struct/POSCAR_93", "../../../rss_mlp/Al-Cu/0.0GPa/2_3/opt_struct/POSCAR_4"], "fe_above_ch": [0.011234191793190906, 0.027040026848084875, 0.032834371763171444, 0.03836505292112752]}, "(0.375, 0.625)": {"formation_e": [-0.19483707120819194, -0.1925626464459631, -0.1899466336311626, -0.17767219609208906, -0.17653397704359453, -0.17624229880721742, -0.17594458475457841, -0.17589765568883786, -0.17521000252080787], "poscars": ["../../../rss_mlp/Al-Cu/0.0GPa/3_5/opt_struct/POSCAR_189", "../../../rss_mlp/Al-Cu/0.0GPa/3_5/opt_struct/POSCAR_48", "../../../rss_mlp/Al-Cu/0.0GPa/3_5/opt_struct/POSCAR_86", "../../../rss_mlp/Al-Cu/0.0GPa/3_5/opt_struct/POSCAR_220", "../../../rss_mlp/Al-Cu/0.0GPa/3_5/opt_struct/POSCAR_35", "../../../rss_mlp/Al-Cu/0.0GPa/3_5/opt_struct/POSCAR_28", "../../../rss_mlp/Al-Cu/0.0GPa/3_5/opt_struct/POSCAR_63", "../../../rss_mlp/Al-Cu/0.0GPa/3_5/opt_struct/POSCAR_88", "../../../rss_mlp/Al-Cu/0.0GPa/3_5/opt_struct/POSCAR_45"], "fe_above_ch": [0.011010981315520585, 0.013285406077749418, 0.015901418892549923, 0.02817585643162346, 0.029314075480117996, 0.029605753716495098, 0.029903467769134107, 0.02995039683487466, 0.03063805000290465]}, "(0.3333333333, 0.6666666667)": {"formation_e": [-0.2100748664659089, -0.19957745085800793, -0.1988768838921473, -0.1978555685943224, -0.19495586194143177, -0.18137034405355168], "poscars": ["../../../rss_mlp/Al-Cu/0.0GPa/2_4/opt_struct/POSCAR_84", "../../../rss_mlp/Al-Cu/0.0GPa/2_4/opt_struct/POSCAR_22", "../../../rss_mlp/Al-Cu/0.0GPa/2_4/opt_struct/POSCAR_25", "../../../rss_mlp/Al-Cu/0.0GPa/1_2/opt_struct/POSCAR_10", "../../../rss_mlp/Al-Cu/0.0GPa/2_4/opt_struct/POSCAR_60", "../../../rss_mlp/Al-Cu/0.0GPa/2_4/opt_struct/POSCAR_112"], "fe_above_ch": [0.0, 0.010497415607900962, 0.011197982573761589, 0.012219297871586488, 0.01511900452447712, 0.028704522412357214]}, "(0.2857142857, 0.7142857143)": {"formation_e": [-0.18264521505744202, -0.16786504143208303, -0.1659879412907177, -0.16400977182516296], "poscars": ["../../../rss_mlp/Al-Cu/0.0GPa/2_5/opt_struct/POSCAR_7", "../../../rss_mlp/Al-Cu/0.0GPa/2_5/opt_struct/POSCAR_196", "../../../rss_mlp/Al-Cu/0.0GPa/2_5/opt_struct/POSCAR_120", "../../../rss_mlp/Al-Cu/0.0GPa/2_5/opt_struct/POSCAR_2"], "fe_above_ch": [0.019823369820727688, 0.03460354344608668, 0.03648064358745201, 0.038458813053006746]}, "(0.25, 0.75)": {"formation_e": [-0.19676387368736536, -0.18509451834998725, -0.16494202632720434, -0.16305192261071122], "poscars": ["../../../rss_mlp/Al-Cu/0.0GPa/2_6/opt_struct/POSCAR_4", "../../../rss_mlp/Al-Cu/0.0GPa/2_6/opt_struct/POSCAR_76", "../../../rss_mlp/Al-Cu/0.0GPa/2_6/opt_struct/POSCAR_2", "../../../rss_mlp/Al-Cu/0.0GPa/2_6/opt_struct/POSCAR_181"], "fe_above_ch": [-2.7755575615628914e-17, 0.01166935533737809, 0.031821847360161, 0.03371195107665412]}, "(0.2, 0.8)": {"formation_e": [-0.15044296482152975], "poscars": ["../../../rss_mlp/Al-Cu/0.0GPa/1_4/opt_struct/POSCAR_3"], "fe_above_ch": [0.0069681341283625575]}, "(0.1666666667, 0.8333333333)": {"formation_e": [-0.1310841936459215, -0.13091552236069193, -0.13001420690116205, -0.12501216047674513, -0.12134955918535084, -0.09620572753702206, -0.09578286322205676, -0.09539655442181827, -0.0942255157064551, -0.09411483590773706, -0.09406524602155386, -0.09299439525241437, -0.09261158370490641], "poscars": ["../../../rss_mlp/Al-Cu/0.0GPa/1_5/opt_struct/POSCAR_188", "../../../rss_mlp/Al-Cu/0.0GPa/1_5/opt_struct/POSCAR_105", "../../../rss_mlp/Al-Cu/0.0GPa/1_5/opt_struct/POSCAR_18", "../../../rss_mlp/Al-Cu/0.0GPa/1_5/opt_struct/POSCAR_20", "../../../rss_mlp/Al-Cu/0.0GPa/1_5/opt_struct/POSCAR_59", "../../../rss_mlp/Al-Cu/0.0GPa/1_5/opt_struct/POSCAR_46", "../../../rss_mlp/Al-Cu/0.0GPa/1_5/opt_struct/POSCAR_1", "../../../rss_mlp/Al-Cu/0.0GPa/1_5/opt_struct/POSCAR_44", "../../../rss_mlp/Al-Cu/0.0GPa/1_5/opt_struct/POSCAR_26", "../../../rss_mlp/Al-Cu/0.0GPa/1_5/opt_struct/POSCAR_82", "../../../rss_mlp/Al-Cu/0.0GPa/1_5/opt_struct/POSCAR_19", "../../../rss_mlp/Al-Cu/0.0GPa/1_5/opt_struct/POSCAR_171", "../../../rss_mlp/Al-Cu/0.0GPa/1_5/opt_struct/POSCAR_113"],