{"(1.0, 0.0)": {"formation_e": [0.0, 0.010202463404022755, 0.010458422276101054, 0.012205742869004776, 0.012559917679783705, 0.015002224364609518, 0.01570424892896094, 0.020574413794703705, 0.030310757719273163, 0.03940977034108606], "poscars": ["../../../rss_mlp/Al-Cu/0.0GPa/2_0/opt_struct/POSCAR_1", "../../../rss_mlp/Al-Cu/0.0GPa/6_0/opt_struct/POSCAR_149", "../../../rss_mlp/Al-Cu/0.0GPa/6_0/opt_struct/POSCAR_222", "../../../rss_mlp/Al-Cu/0.0GPa/5_0/opt_struct/POSCAR_133", "../../../rss_mlp/Al-Cu/0.0GPa/5_0/opt_struct/POSCAR_128", "../../../rss_mlp/Al-Cu/0.0GPa/8_0/opt_struct/POSCAR_54", "../../../rss_mlp/Al-Cu/0.0GPa/8_0/opt_struct/POSCAR_27", "../../../rss_mlp/Al-Cu/0.0GPa/6_0/opt_struct/POSCAR_17", "../../../rss_mlp/Al-Cu/0.0GPa/2_0/opt_struct/POSCAR_32", "../../../rss_mlp/Al-Cu/0.0GPa/8_0/opt_struct/POSCAR_68"], "fe_above_ch": [0.0, 0.010202463404022755, 0.010458422276101054, 0.012205742869004776, 0.012559917679783705, 0.015002224364609518, 0.01570424892896094, 0.020574413794703705, 0.030310757719273163, 0.03940977034108606]}, "(0.875, 0.125)": {"formation_e": [-0.041414562599715765, -0.027366311664060117, -0.026683804660944777, -0.026552142923434108], "poscars": ["../../../rss_mlp/Al-Cu/0.0GPa/7_1/opt_struct/POSCAR_48", "../../../rss_mlp/Al-Cu/0.0GPa/7_1/opt_struct/POSCAR_28", "../../../rss_mlp/Al-Cu/0.0GPa/7_1/opt_struct/POSCAR_172", "../../../rss_mlp/Al-Cu/0.0GPa/7_1/opt_struct/POSCAR_104"], "fe_above_ch": [0.0246830705126376, 0.03873132144829325, 0.03941382845140859, 0.03954549018891926]}, "(0.8571428571, 0.1428571429)": {"formation_e": [-0.04763461152427961], "poscars": ["../../../rss_mlp/Al-Cu/0.0GPa/6_1/opt_struct/POSCAR_195"], "fe_above_ch": [0.027905540626786296]}, "(0.8333333333, 0.1666666667)": {"formation_e": [-0.05793294755767198], "poscars": ["../../../rss_mlp/Al-Cu/0.0GPa/5_1/opt_struct/POSCAR_42"], "fe_above_ch": [0.03019722994309189]}, "(0.8, 0.2)": {"formation_e": [-0.06591920785219374], "poscars": ["../../../rss_mlp/Al-Cu/0.0GPa/4_1/opt_struct/POSCAR_8"], "fe_above_ch": [0.03983700512757167]}, "(0.75, 0.25)": {"formation_e": [], "poscars": [], "fe_above_ch": []}, "(0.7142857143, 0.2857142857)": {"formation_e": [], "poscars": [], "fe_above_ch": []}, "(0.6666666667, 0.3333333333)": {"formation_e": [-0.17626035494864967], "poscars": ["../../../rss_mlp/Al-Cu/0.0GPa/2_1/opt_struct/POSCAR_7"], "fe_above_ch": [0.0]}, "(0.625, 0.375)": {"formation_e": [], "poscars": [], "fe_above_ch": []}, "(0.6, 0.4)": {"formation_e": [-0.15636631380522736], "poscars": ["../../../rss_mlp/Al-Cu/0.0GPa/3_2/opt_struct/POSCAR_185"], "fe_above_ch": [0.02665694344890554]}, "(0.5714285714, 0.4285714286)": {"formation_e": [-0.1606104522437901], "poscars": ["../../../rss_mlp/Al-Cu/0.0GPa/4_3/opt_struct/POSCAR_103"], "fe_above_ch": [0.025311191714141923]}, "(0.5, 0.5)": {"formation_e": [-0.1587116946818279, -0.15707283284614215, -0.15696405871033647], "poscars": ["../../../rss_mlp/Al-Cu/0.0GPa/2_2/opt_struct/POSCAR_38", "../../../rss_mlp/Al-Cu/0.0GPa/4_4/opt_struct/POSCAR_27", "../../../rss_mlp/Al-Cu/0.0GPa/2_2/opt_struct/POSCAR_23"], "fe_above_ch": [0.03445591602545764, 0.03609477786114337, 0.03620355199694905]}, "(0.4285714286, 0.5714285714)": {"formation_e": [-0.18569824879765306, -0.18162861070675929, -0.17838774845537042, -0.16081773073089645], "poscars": ["../../../rss_mlp/Al-Cu/0.0GPa/3_4/opt_struct/POSCAR_64", "../../../rss_mlp/Al-Cu/0.0GPa/3_4/opt_struct/POSCAR_71", "../../../rss_mlp/Al-Cu/0.0GPa/3_4/opt_struct/POSCAR_194", "../../../rss_mlp/Al-Cu/0.0GPa/3_4/opt_struct/POSCAR_103"], "fe_above_ch": [0.014715328658985949, 0.018784966749879728, 0.022025829001268593, 0.03959584672574257]}, "(0.4, 0.6)": {"formation_e": [-0.19207777236724688, -0.1762719373123529, -0.17047759239726634, -0.16494691123931027], "poscars": ["../../../rss_mlp/Al-Cu/0.0GPa/2_3/opt_struct/POSCAR_25", "../../../rss_mlp/Al-Cu/0.0GPa/2_3/opt_struct/POSCAR_48", "../../../rss_mlp/Al-Cu/0.0GPa/2_3/opt_struct/POSCAR_93", "../../../rss_mlp/Al-Cu/0.0GPa/2_3/opt_struct/POSCAR_4"], "fe_above_ch": [0.011234191793191267, 0.027040026848085236, 0.032834371763171805, 0.03836505292112788]}, "(0.375, 0.625)": {"formation_e": [-0.1948370712082057, -0.19256264644597687, -0.18994663363117636, -0.17767219609210283, -0.1765339770436083, -0.1762422988072312, -0.17594458475459218, -0.17589765568885163, -0.17521000252082164], "poscars": ["../../../rss_mlp/Al-Cu/0.0GPa/3_5/opt_struct/POSCAR_189", "../../../rss_mlp/Al-Cu/0.0GPa/3_5/opt_struct/POSCAR_48", "../../../rss_mlp/Al-Cu/0.0GPa/3_5/opt_struct/POSCAR_86", "../../../rss_mlp/Al-Cu/0.0GPa/3_5/opt_struct/POSCAR_220", "../../../rss_mlp/Al-Cu/0.0GPa/3_5/opt_struct/POSCAR_35", "../../../rss_mlp/Al-Cu/0.0GPa/3_5/opt_struct/POSCAR_28", "../../../rss_mlp/Al-Cu/0.0GPa/3_5/opt_struct/POSCAR_63", "../../../rss_mlp/Al-Cu/0.0GPa/3_5/opt_struct/POSCAR_88", "../../../rss_mlp/Al-Cu/0.0GPa/3_5/opt_struct/POSCAR_45"], "fe_above_ch": [0.011010981315520585, 0.013285406077749418, 0.015901418892549923, 0.02817585643162346, 0.029314075480117996, 0.029605753716495098, 0.029903467769134107, 0.02995039683487466, 0.03063805000290465]}, "(0.3333333333, 0.6666666667)": {"formation_e": [-0.21007486646592133, -0.19957745085802037, -0.19887688389215974, -0.19785556859436015, -0.1949558619414442, -0.18137034405356411], "poscars": ["../../../rss_mlp/Al-Cu/0.0GPa/2_4/opt_struct/POSCAR_84", "../../../rss_mlp/Al-Cu/0.0GPa/2_4/opt_struct/POSCAR_22", "../../../rss_mlp/Al-Cu/0.0GPa/2_4/opt_struct/POSCAR_25", "../../../rss_mlp/Al-Cu/0.0GPa/2_4/opt_struct/POSCAR_77", "../../../rss_mlp/Al-Cu/0.0GPa/2_4/opt_struct/POSCAR_60", "../../../rss_mlp/Al-Cu/0.0GPa/2_4/opt_struct/POSCAR_112"], "fe_above_ch": [-5.551115123125783e-17, 0.010497415607900906, 0.011197982573761533, 0.012219297871561119, 0.015119004524477064, 0.02870452241235716]}, "(0.2857142857, 0.7142857143)": {"formation_e": [-0.18264521505745313, -0.16786504143209413, -0.1659879412907288, -0.16400977182517407], "poscars": ["../../../rss_mlp/Al-Cu/0.0GPa/2_5/opt_struct/POSCAR_7", "../../../rss_mlp/Al-Cu/0.0GPa/2_5/opt_struct/POSCAR_196", "../../../rss_mlp/Al-Cu/0.0GPa/2_5/opt_struct/POSCAR_120", "../../../rss_mlp/Al-Cu/0.0GPa/2_5/opt_struct/POSCAR_2"], "fe_above_ch": [0.019823369820727466, 0.03460354344608646, 0.03648064358745179, 0.038458813053006524]}, "(0.25, 0.75)": {"formation_e": [-0.19676387368737513, -0.18509451834999702, -0.1649420263272141, -0.163051922610721], "poscars": ["../../../rss_mlp/Al-Cu/0.0GPa/2_6/opt_struct/POSCAR_4", "../../../rss_mlp/Al-Cu/0.0GPa/2_6/opt_struct/POSCAR_76", "../../../rss_mlp/Al-Cu/0.0GPa/2_6/opt_struct/POSCAR_2", "../../../rss_mlp/Al-Cu/0.0GPa/2_6/opt_struct/POSCAR_181"], "fe_above_ch": [-2.7755575615628914e-17, 0.01166935533737809, 0.031821847360161, 0.03371195107665412]}, "(0.2, 0.8)": {"formation_e": [-0.15044296482153774], "poscars": ["../../../rss_mlp/Al-Cu/0.0GPa/1_4/opt_struct/POSCAR_3"], "fe_above_ch": [0.006968134128362363]}, "(0.1666666667, 0.8333333333)": {"formation_e": [-0.13108419364592905, -0.13091552236069948, -0.1300142069011696, -0.12501216047675268, -0.12134955918535839, -0.0962057275370296, -0.09578286322206431, -0.09539655442182582, -0.09422551570646265, -0.09411483590774461, -0.09406524602156141, -0.09299439525242192, -0.09261158370491396],