{"(1.0, 0.0)": {"formation_e": [0.0, 0.010202463404056505, 0.010458422276134804, 0.012205742869038527, 0.012559917679817456, 0.01500222436485199, 0.01570424892896849], "poscars": ["../../../rss_mlp/Al-Cu/0.0GPa/4_0/opt_struct/POSCAR_5", "../../../rss_mlp/Al-Cu/0.0GPa/6_0/opt_struct/POSCAR_149", "../../../rss_mlp/Al-Cu/0.0GPa/6_0/opt_struct/POSCAR_222", "../../../rss_mlp/Al-Cu/0.0GPa/5_0/opt_struct/POSCAR_133", "../../../rss_mlp/Al-Cu/0.0GPa/5_0/opt_struct/POSCAR_128", "../../../rss_mlp/Al-Cu/0.0GPa/4_0/opt_struct/POSCAR_94", "../../../rss_mlp/Al-Cu/0.0GPa/4_0/opt_struct/POSCAR_39"], "fe_above_ch": [0.0, 0.010202463404056505, 0.010458422276134804, 0.012205742869038527, 0.012559917679817456, 0.01500222436485199, 0.01570424892896849]}, "(0.875, 0.125)": {"formation_e": [], "poscars": [], "fe_above_ch": []}, "(0.8571428571, 0.1428571429)": {"formation_e": [], "poscars": [], "fe_above_ch": []}, "(0.8333333333, 0.1666666667)": {"formation_e": [], "poscars": [], "fe_above_ch": []}, "(0.8, 0.2)": {"formation_e": [], "poscars": [], "fe_above_ch": []}, "(0.75, 0.25)": {"formation_e": [], "poscars": [], "fe_above_ch": []}, "(0.7142857143, 0.2857142857)": {"formation_e": [], "poscars": [], "fe_above_ch": []}, "(0.6666666667, 0.3333333333)": {"formation_e": [-0.17626035494862657], "poscars": ["../../../rss_mlp/Al-Cu/0.0GPa/2_1/opt_struct/POSCAR_7"], "fe_above_ch": [0.0]}, "(0.625, 0.375)": {"formation_e": [], "poscars": [], "fe_above_ch": []}, "(0.6, 0.4)": {"formation_e": [], "poscars": [], "fe_above_ch": []}, "(0.5714285714, 0.4285714286)": {"formation_e": [], "poscars": [], "fe_above_ch": []}, "(0.5, 0.5)": {"formation_e": [], "poscars": [], "fe_above_ch": []}, "(0.4285714286, 0.5714285714)": {"formation_e": [-0.18569824879763752, -0.18162861070674374], "poscars": ["../../../rss_mlp/Al-Cu/0.0GPa/3_4/opt_struct/POSCAR_64", "../../../rss_mlp/Al-Cu/0.0GPa/3_4/opt_struct/POSCAR_71"], "fe_above_ch": [0.014715328658986004, 0.018784966749879783]}, "(0.4, 0.6)": {"formation_e": [-0.19207777236723267], "poscars": ["../../../rss_mlp/Al-Cu/0.0GPa/2_3/opt_struct/POSCAR_25"], "fe_above_ch": [0.011234191793190906]}, "(0.375, 0.625)": {"formation_e": [-0.19483707120819194, -0.1925626464459631, -0.1899466336311626], "poscars": ["../../../rss_mlp/Al-Cu/0.0GPa/3_5/opt_struct/POSCAR_189", "../../../rss_mlp/Al-Cu/0.0GPa/3_5/opt_struct/POSCAR_48", "../../../rss_mlp/Al-Cu/0.0GPa/3_5/opt_struct/POSCAR_86"], "fe_above_ch": [0.011010981315520585, 0.013285406077749418, 0.015901418892549923]}, "(0.3333333333, 0.6666666667)": {"formation_e": [-0.2100748664659089, -0.19957745085800793, -0.1988768838921473, -0.1978555685943224, -0.19495586194143177], "poscars": ["../../../rss_mlp/Al-Cu/0.0GPa/2_4/opt_struct/POSCAR_84", "../../../rss_mlp/Al-Cu/0.0GPa/2_4/opt_struct/POSCAR_22", "../../../rss_mlp/Al-Cu/0.0GPa/2_4/opt_struct/POSCAR_25", "../../../rss_mlp/Al-Cu/0.0GPa/1_2/opt_struct/POSCAR_10", "../../../rss_mlp/Al-Cu/0.0GPa/2_4/opt_struct/POSCAR_60"], "fe_above_ch": [0.0, 0.010497415607900962, 0.011197982573761589, 0.012219297871586488, 0.01511900452447712]}, "(0.2857142857, 0.7142857143)": {"formation_e": [-0.18264521505744202], "poscars": ["../../../rss_mlp/Al-Cu/0.0GPa/2_5/opt_struct/POSCAR_7"], "fe_above_ch": [0.019823369820727688]}, "(0.25, 0.75)": {"formation_e": [-0.19676387368736536, -0.18509451834998725], "poscars": ["../../../rss_mlp/Al-Cu/0.0GPa/2_6/opt_struct/POSCAR_4", "../../../rss_mlp/Al-Cu/0.0GPa/2_6/opt_struct/POSCAR_76"], "fe_above_ch": [-2.7755575615628914e-17, 0.01166935533737809]}, "(0.2, 0.8)": {"formation_e": [-0.15044296482152975], "poscars": ["../../../rss_mlp/Al-Cu/0.0GPa/1_4/opt_struct/POSCAR_3"], "fe_above_ch": [0.0069681341283625575]}, "(0.1666666667, 0.8333333333)": {"formation_e": [-0.1310841936459215, -0.13091552236069193, -0.13001420690116205, -0.12501216047674513, -0.12134955918535084], "poscars": ["../../../rss_mlp/Al-Cu/0.0GPa/1_5/opt_struct/POSCAR_188", "../../../rss_mlp/Al-Cu/0.0GPa/1_5/opt_struct/POSCAR_105", "../../../rss_mlp/Al-Cu/0.0GPa/1_5/opt_struct/POSCAR_18", "../../../rss_mlp/Al-Cu/0.0GPa/1_5/opt_struct/POSCAR_20", "../../../rss_mlp/Al-Cu/0.0GPa/1_5/opt_struct/POSCAR_59"], "fe_above_ch": [9.172217189062914e-05, 0.00026039345712020046, 0.0011617089166500727, 0.006163755341067001, 0.009826356632461286]}, "(0.1428571429, 0.8571428571)": {"formation_e": [-0.10531560012594943, -0.10184374838341803], "poscars": ["../../../rss_mlp/Al-Cu/0.0GPa/1_6/opt_struct/POSCAR_8", "../../../rss_mlp/Al-Cu/0.0GPa/1_6/opt_struct/POSCAR_9"], "fe_above_ch": [0.007120899157704558, 0.010592750900235953]}, "(0.125, 0.875)": {"formation_e": [-0.09301267010166825, -0.09254277192035776, -0.09173998302996411, -0.09123749935743675, -0.09004579169162108, -0.0898456184568297, -0.08864627948680903, -0.08859220669055601], "poscars": ["../../../rss_mlp/Al-Cu/0.0GPa/1_7/opt_struct/POSCAR_28", "../../../rss_mlp/Al-Cu/0.0GPa/1_7/opt_struct/POSCAR_133", "../../../rss_mlp/Al-Cu/0.0GPa/1_7/opt_struct/POSCAR_92", "../../../rss_mlp/Al-Cu/0.0GPa/1_7/opt_struct/POSCAR_15", "../../../rss_mlp/Al-Cu/0.0GPa/1_7/opt_struct/POSCAR_17", "../../../rss_mlp/Al-Cu/0.0GPa/1_7/opt_struct/POSCAR_137", "../../../rss_mlp/Al-Cu/0.0GPa/1_7/opt_struct/POSCAR_31", "../../../rss_mlp/Al-Cu/0.0GPa/1_7/opt_struct/POSCAR_178"], "fe_above_ch": [0.00536926674201442, 0.0058391649233249104, 0.006641953813718557, 0.007144437486245922, 0.008336145152061589, 0.008536318386852967, 0.009735657356873637, 0.00978973015312666]}, "(0.0, 1.0)": {"formation_e": [0.0, 0.0023570395961938218, 0.0030803862990524955, 0.003303087011609751, 0.003916159120283869, 0.004140206979218242, 0.005562378822606018, 0.006752777194815263, 0.00850854653663724], "poscars": ["../../../rss_mlp/Al-Cu/0.0GPa/0_6/opt_struct/POSCAR_10", "../../../rss_mlp/Al-Cu/0.0GPa/0_7/opt_struct/POSCAR_10", "../../../rss_mlp/Al-Cu/0.0GPa/0_5/opt_struct/POSCAR_182", "../../../rss_mlp/Al-Cu/0.0GPa/0_5/opt_struct/POSCAR_107", "../../../rss_mlp/Al-Cu/0.0GPa/0_4/opt_struct/POSCAR_65", "../../../rss_mlp/Al-Cu/0.0GPa/0_4/opt_struct/POSCAR_103", "../../../rss_mlp/Al-Cu/0.0GPa/0_6/opt_struct/POSCAR_28", "../../../rss_mlp/Al-Cu/0.0GPa/0_5/opt_struct/POSCAR_104", "../../../rss_mlp/Al-Cu/0.0GPa/0_6/opt_struct/POSCAR_7"], "fe_above_ch": [0.0, 0.0023570395961938218, 0.0030803862990524955, 0.003303087011609751, 0.003916159120283869, 0.004140206979218242, 0.005562378822606018, 0.006752777194815263, 0.00850854653663724]}}