{"(1.0, 0.0)": {"struct_tag": ["POSCAR_Al1_No3", "POSCAR_Al1_No4", "POSCAR_Al1_No5", "POSCAR_Al1_No6", "POSCAR_Al1_No7", "POSCAR_Al1_No8", "POSCAR_Al1_No9", "POSCAR_Al1_No10", "POSCAR_Al1_No11", "POSCAR_Al1_No12", "POSCAR_Al1_No13", "POSCAR_Al1_No14", "POSCAR_Al1_No15", "POSCAR_Al1_No16", "POSCAR_Al1_No17"], "input_path": ["../../../rss_mlp/Al-Cu/0.0GPa/3_0/opt_struct/POSCAR_4", "../../../rss_mlp/Al-Cu/0.0GPa/2_0/opt_struct/POSCAR_30", "../../../rss_mlp/Al-Cu/0.0GPa/4_0/opt_struct/POSCAR_6", "../../../rss_mlp/Al-Cu/0.0GPa/4_0/opt_struct/POSCAR_9", "../../../rss_mlp/Al-Cu/0.0GPa/4_0/opt_struct/POSCAR_22", "../../../rss_mlp/Al-Cu/0.0GPa/4_0/opt_struct/POSCAR_25", "../../../rss_mlp/Al-Cu/0.0GPa/4_0/opt_struct/POSCAR_30", "../../../rss_mlp/Al-Cu/0.0GPa/4_0/opt_struct/POSCAR_27", "../../../rss_mlp/Al-Cu/0.0GPa/3_0/opt_struct/POSCAR_24", "../../../rss_mlp/Al-Cu/0.0GPa/3_0/opt_struct/POSCAR_11", "../../../rss_mlp/Al-Cu/0.0GPa/3_0/opt_struct/POSCAR_17", "../../../rss_mlp/Al-Cu/0.0GPa/4_0/opt_struct/POSCAR_16", "../../../rss_mlp/Al-Cu/0.0GPa/4_0/opt_struct/POSCAR_28", "../../../rss_mlp/Al-Cu/0.0GPa/4_0/opt_struct/POSCAR_5", "../../../rss_mlp/Al-Cu/0.0GPa/1_0/opt_struct/POSCAR_28"], "fe_above_ch": [0.020574413794773427, 0.030310757719287817, 0.1193509363892713, 0.27008128803995834, 0.30244914305161075, 0.3465206030841208, 0.3465206031199455, 0.34942632362431203, 0.4678823555167191, 0.47213080421908415, 0.4721308113772933, 0.4903934524636133, 0.49039346220722235, 0.4903934830170025, 0.6827087829888714], "formation_e": [0.020574413794773427, 0.030310757719287817, 0.1193509363892713, 0.27008128803995834, 0.30244914305161075, 0.3465206030841208, 0.3465206031199455, 0.34942632362431203, 0.4678823555167191, 0.47213080421908415, 0.4721308113772933, 0.4903934524636133, 0.49039346220722235, 0.4903934830170025, 0.6827087829888714]}, "(0.75, 0.25)": {"struct_tag": ["POSCAR_Al3Cu1_No2", "POSCAR_Al3Cu1_No3", "POSCAR_Al3Cu1_No4", "POSCAR_Al3Cu1_No5", "POSCAR_Al3Cu1_No6", "POSCAR_Al3Cu1_No7", "POSCAR_Al3Cu1_No8", "POSCAR_Al3Cu1_No9", "POSCAR_Al3Cu1_No10", "POSCAR_Al3Cu1_No11", "POSCAR_Al3Cu1_No12", "POSCAR_Al3Cu1_No13", "POSCAR_Al3Cu1_No14", "POSCAR_Al3Cu1_No15", "POSCAR_Al3Cu1_No16", "POSCAR_Al3Cu1_No17", "POSCAR_Al3Cu1_No18"], "input_path": ["../../../rss_mlp/Al-Cu/0.0GPa/3_1/opt_struct/POSCAR_23", "../../../rss_mlp/Al-Cu/0.0GPa/3_1/opt_struct/POSCAR_7", "../../../rss_mlp/Al-Cu/0.0GPa/3_1/opt_struct/POSCAR_26", "../../../rss_mlp/Al-Cu/0.0GPa/3_1/opt_struct/POSCAR_24", "../../../rss_mlp/Al-Cu/0.0GPa/3_1/opt_struct/POSCAR_25", "../../../rss_mlp/Al-Cu/0.0GPa/3_1/opt_struct/POSCAR_12", "../../../rss_mlp/Al-Cu/0.0GPa/3_1/opt_struct/POSCAR_10", "../../../rss_mlp/Al-Cu/0.0GPa/3_1/opt_struct/POSCAR_1", "../../../rss_mlp/Al-Cu/0.0GPa/3_1/opt_struct/POSCAR_14", "../../../rss_mlp/Al-Cu/0.0GPa/3_1/opt_struct/POSCAR_27", "../../../rss_mlp/Al-Cu/0.0GPa/3_1/opt_struct/POSCAR_8", "../../../rss_mlp/Al-Cu/0.0GPa/3_1/opt_struct/POSCAR_16", "../../../rss_mlp/Al-Cu/0.0GPa/3_1/opt_struct/POSCAR_9", "../../../rss_mlp/Al-Cu/0.0GPa/3_1/opt_struct/POSCAR_6", "../../../rss_mlp/Al-Cu/0.0GPa/3_1/opt_struct/POSCAR_17", "../../../rss_mlp/Al-Cu/0.0GPa/3_1/opt_struct/POSCAR_22", "../../../rss_mlp/Al-Cu/0.0GPa/3_1/opt_struct/POSCAR_2"], "fe_above_ch": [0.034724864003628744, 0.04146843017309089, 0.04722849052964041, 0.05712508067216139, 0.07646923513799599, 0.2552046335314405, 0.32067710264441274, 0.32156662977664474, 0.32157625574736126, 0.3215839533169026, 0.338215700611911, 0.33821570062434414, 0.3382157006398562, 0.34562408388389654, 0.4058665630307291, 0.40586656364750506, 0.7699012285893309], "formation_e": [-0.04477270457761762, -0.03802913840815547, -0.03226907805160595, -0.02237248790908497, -0.003028333443250375, 0.17570706495019417, 0.2411795340631664, 0.2420690611953984, 0.24207868716611491, 0.24208638473565625, 0.2587181320306646, 0.2587181320430978, 0.25871813205860983, 0.2661265153026502, 0.32636899444948275, 0.3263689950662587, 0.6904036600080845]}, "(0.6666666667, 0.3333333333)": {"struct_tag": ["POSCAR_Al2Cu1_No4", "POSCAR_Al2Cu1_No5", "POSCAR_Al2Cu1_No6", "POSCAR_Al2Cu1_No7", "POSCAR_Al2Cu1_No8", "POSCAR_Al2Cu1_No9", "POSCAR_Al2Cu1_No10", "POSCAR_Al2Cu1_No11", "POSCAR_Al2Cu1_No12"], "input_path": ["../../../rss_mlp/Al-Cu/0.0GPa/2_1/opt_struct/POSCAR_24", "../../../rss_mlp/Al-Cu/0.0GPa/2_1/opt_struct/POSCAR_5", "../../../rss_mlp/Al-Cu/0.0GPa/2_1/opt_struct/POSCAR_6", "../../../rss_mlp/Al-Cu/0.0GPa/2_1/opt_struct/POSCAR_2", "../../../rss_mlp/Al-Cu/0.0GPa/2_1/opt_struct/POSCAR_19", "../../../rss_mlp/Al-Cu/0.0GPa/2_1/opt_struct/POSCAR_29", "../../../rss_mlp/Al-Cu/0.0GPa/2_1/opt_struct/POSCAR_13", "../../../rss_mlp/Al-Cu/0.0GPa/2_1/opt_struct/POSCAR_28", "../../../rss_mlp/Al-Cu/0.0GPa/2_1/opt_struct/POSCAR_8"], "fe_above_ch": [0.037506545624934606, 0.04377220544968541, 0.34420647905293267, 0.3442064792157091, 0.35734395877353986, 0.41754205578949577, 0.5102956537882251, 0.5308850637834253, 0.5308850637876708], "formation_e": [-0.06849021247279419, -0.062224552648043385, 0.23820972095520387, 0.23820972111798033, 0.25134720067581107, 0.311545297691767, 0.40429889569049626, 0.42488830568569647, 0.42488830568994196]}, "(0.5, 0.5)": {"struct_tag": ["POSCAR_Al1Cu1_No4", "POSCAR_Al1Cu1_No5", "POSCAR_Al1Cu1_No6", "POSCAR_Al1Cu1_No7", "POSCAR_Al1Cu1_No8", "POSCAR_Al1Cu1_No9", "POSCAR_Al1Cu1_No10", "POSCAR_Al1Cu1_No11", "POSCAR_Al1Cu1_No12", "POSCAR_Al1Cu1_No13", "POSCAR_Al1Cu1_No14", "POSCAR_Al1Cu1_No15", "POSCAR_Al1Cu1_No16", "POSCAR_Al1Cu1_No17", "POSCAR_Al1Cu1_No18", "POSCAR_Al1Cu1_No19", "POSCAR_Al1Cu1_No20", "POSCAR_Al1Cu1_No21", "POSCAR_Al1Cu1_No22"], "input_path": ["../../../rss_mlp/Al-Cu/0.0GPa/1_1/opt_struct/POSCAR_17", "../../../rss_mlp/Al-Cu/0.0GPa/2_2/opt_struct/POSCAR_11", "../../../rss_mlp/Al-Cu/0.0GPa/2_2/opt_struct/POSCAR_19", "../../../rss_mlp/Al-Cu/0.0GPa/2_2/opt_struct/POSCAR_1", "../../../rss_mlp/Al-Cu/0.0GPa/2_2/opt_struct/POSCAR_2", "../../../rss_mlp/Al-Cu/0.0GPa/2_2/opt_struct/POSCAR_7", "../../../rss_mlp/Al-Cu/0.0GPa/2_2/opt_struct/POSCAR_29", "../../../rss_mlp/Al-Cu/0.0GPa/2_2/opt_struct/POSCAR_24", "../../../rss_mlp/Al-Cu/0.0GPa/2_2/opt_struct/POSCAR_6", "../../../rss_mlp/Al-Cu/0.0GPa/2_2/opt_struct/POSCAR_5", "../../../rss_mlp/Al-Cu/0.0GPa/2_2/opt_struct/POSCAR_28", "../../../rss_mlp/Al-Cu/0.0GPa/1_1/opt_struct/POSCAR_6", "../../../rss_mlp/Al-Cu/0.0GPa/1_1/opt_struct/POSCAR_1", "../../../rss_mlp/Al-Cu/0.0GPa/1_1/opt_struct/POSCAR_10", "../../../rss_mlp/Al-Cu/0.0GPa/1_1/opt_struct/POSCAR_5", "../../../rss_mlp/Al-Cu/0.0GPa/1_1/opt_struct/POSCAR_8", "../../../rss_mlp/Al-Cu/0.0GPa/1_1/opt_struct/POSCAR_29", "../../../rss_mlp/Al-Cu/0.0GPa/1_1/opt_struct/POSCAR_28", "../../../rss_mlp/Al-Cu/0.0GPa/1_1/opt_struct/POSCAR_14"], "fe_above_ch": [0.023088969809706095, 0.03558432823739888, 0.03909908524072159, 0.055552547089476656, 0.1065915937753974, 0.2578296865628078, 0.2578296865642169, 0.25902880779588755, 0.25939120655166037, 0.2948989936707933, 0.30588411440393837, 0.4867024693254829, 0.5208931060519466, 0.5208931060519577, 0.5208931060520074, 0.5208931060520767, 0.5208931060738282, 0.5913202610451387, 0.8714104901445203], "formation_e": [-0.12883719353633305, -0.11634183510864027, -0.11282707810531756, -0.09637361625656249, -0.04533456957064175, 0.10590352321676866, 0.10590352321817775, 0.1071026444498484, 0.10746504320562122, 0.14297283032475416, 0.15395795105789922, 0.33477630597944374, 0.36896694270590746, 0.36896694270591857, 0.3689669427059683, 0.3689669427060376, 0.36896694272778907, 0.43939409769909954, 0.7194843267984812]}, "(0.3333333333, 0.6666666667)": {"struct_tag": ["POSCAR_Al1Cu2_No2", "POSCAR_Al1Cu2_No3", "POSCAR_Al1Cu2_No4", "POSCAR_Al1Cu2_No5", "POSCAR_Al1Cu2_No6", "POSCAR_Al1Cu2_No7", "POSCAR_Al1Cu2_No8", "POSCAR_Al1Cu2_No9"],