{"(1.0, 0.0)": {"energy": [-3.427806500789129, -3.4128042764243753, -3.4072320869943558, -3.3974957430698414, -3.308455564399858, -3.157725212749171, -3.1253573577375184, -3.0812858977050084, -3.0812858976691837, -3.078380177164817, -2.95992414527241, -2.955675696570045, -2.955675689411836, -2.937413048325516, -2.937413038581907, -2.9374130177721267, -2.745097717800258], "input_path": ["../../../rss_mlp/Al-Cu/0.0GPa/3_0/opt_struct/POSCAR_15", "../../../rss_mlp/Al-Cu/0.0GPa/4_0/opt_struct/POSCAR_23", "../../../rss_mlp/Al-Cu/0.0GPa/3_0/opt_struct/POSCAR_4", "../../../rss_mlp/Al-Cu/0.0GPa/2_0/opt_struct/POSCAR_30", "../../../rss_mlp/Al-Cu/0.0GPa/4_0/opt_struct/POSCAR_6", "../../../rss_mlp/Al-Cu/0.0GPa/4_0/opt_struct/POSCAR_9", "../../../rss_mlp/Al-Cu/0.0GPa/4_0/opt_struct/POSCAR_22", "../../../rss_mlp/Al-Cu/0.0GPa/4_0/opt_struct/POSCAR_25", "../../../rss_mlp/Al-Cu/0.0GPa/4_0/opt_struct/POSCAR_30", "../../../rss_mlp/Al-Cu/0.0GPa/4_0/opt_struct/POSCAR_27", "../../../rss_mlp/Al-Cu/0.0GPa/3_0/opt_struct/POSCAR_24", "../../../rss_mlp/Al-Cu/0.0GPa/3_0/opt_struct/POSCAR_11", "../../../rss_mlp/Al-Cu/0.0GPa/3_0/opt_struct/POSCAR_17", "../../../rss_mlp/Al-Cu/0.0GPa/4_0/opt_struct/POSCAR_16", "../../../rss_mlp/Al-Cu/0.0GPa/4_0/opt_struct/POSCAR_28", "../../../rss_mlp/Al-Cu/0.0GPa/4_0/opt_struct/POSCAR_5", "../../../rss_mlp/Al-Cu/0.0GPa/1_0/opt_struct/POSCAR_28"], "is_ghost_minima": [false, false, false, false, false, false, false, false, false, false, false, false, false, false, false, false, false], "struct_tag": ["POSCAR_Al1_No1", "POSCAR_Al1_No2", "POSCAR_Al1_No3", "POSCAR_Al1_No4", "POSCAR_Al1_No5", "POSCAR_Al1_No6", "POSCAR_Al1_No7", "POSCAR_Al1_No8", "POSCAR_Al1_No9", "POSCAR_Al1_No10", "POSCAR_Al1_No11", "POSCAR_Al1_No12", "POSCAR_Al1_No13", "POSCAR_Al1_No14", "POSCAR_Al1_No15", "POSCAR_Al1_No16", "POSCAR_Al1_No17"], "formation_e": [0.0, 0.015002224364753847, 0.020574413794773427, 0.030310757719287817, 0.1193509363892713, 0.27008128803995834, 0.30244914305161075, 0.3465206030841208, 0.3465206031199455, 0.34942632362431203, 0.4678823555167191, 0.47213080421908415, 0.4721308113772933, 0.4903934524636133, 0.49039346220722235, 0.4903934830170025, 0.6827087829888714]}, "(0.75, 0.25)": {"energy": [-3.5204012573996004, -3.487129192210935, -3.480385626041473, -3.4746255656849234, -3.4647289755424024, -3.445384821076568, -3.2666494226831233, -3.201176953570151, -3.200287426437919, -3.2002778004672026, -3.2002701028976612, -3.183638355602653, -3.1836383555902197, -3.1836383555747076, -3.1762299723306673, -3.1159874931838347, -3.1159874925670588, -2.751952827625233], "input_path": ["../../../rss_mlp/Al-Cu/0.0GPa/3_1/opt_struct/POSCAR_19", "../../../rss_mlp/Al-Cu/0.0GPa/3_1/opt_struct/POSCAR_23", "../../../rss_mlp/Al-Cu/0.0GPa/3_1/opt_struct/POSCAR_7", "../../../rss_mlp/Al-Cu/0.0GPa/3_1/opt_struct/POSCAR_26", "../../../rss_mlp/Al-Cu/0.0GPa/3_1/opt_struct/POSCAR_24", "../../../rss_mlp/Al-Cu/0.0GPa/3_1/opt_struct/POSCAR_25", "../../../rss_mlp/Al-Cu/0.0GPa/3_1/opt_struct/POSCAR_12", "../../../rss_mlp/Al-Cu/0.0GPa/3_1/opt_struct/POSCAR_10", "../../../rss_mlp/Al-Cu/0.0GPa/3_1/opt_struct/POSCAR_1", "../../../rss_mlp/Al-Cu/0.0GPa/3_1/opt_struct/POSCAR_14", "../../../rss_mlp/Al-Cu/0.0GPa/3_1/opt_struct/POSCAR_27", "../../../rss_mlp/Al-Cu/0.0GPa/3_1/opt_struct/POSCAR_8", "../../../rss_mlp/Al-Cu/0.0GPa/3_1/opt_struct/POSCAR_16", "../../../rss_mlp/Al-Cu/0.0GPa/3_1/opt_struct/POSCAR_9", "../../../rss_mlp/Al-Cu/0.0GPa/3_1/opt_struct/POSCAR_6", "../../../rss_mlp/Al-Cu/0.0GPa/3_1/opt_struct/POSCAR_17", "../../../rss_mlp/Al-Cu/0.0GPa/3_1/opt_struct/POSCAR_22", "../../../rss_mlp/Al-Cu/0.0GPa/3_1/opt_struct/POSCAR_2"], "is_ghost_minima": [false, false, false, false, false, false, false, false, false, false, false, false, false, false, false, false, false, false], "struct_tag": ["POSCAR_Al3Cu1_No1", "POSCAR_Al3Cu1_No2", "POSCAR_Al3Cu1_No3", "POSCAR_Al3Cu1_No4", "POSCAR_Al3Cu1_No5", "POSCAR_Al3Cu1_No6", "POSCAR_Al3Cu1_No7", "POSCAR_Al3Cu1_No8", "POSCAR_Al3Cu1_No9", "POSCAR_Al3Cu1_No10", "POSCAR_Al3Cu1_No11", "POSCAR_Al3Cu1_No12", "POSCAR_Al3Cu1_No13", "POSCAR_Al3Cu1_No14", "POSCAR_Al3Cu1_No15", "POSCAR_Al3Cu1_No16", "POSCAR_Al3Cu1_No17", "POSCAR_Al3Cu1_No18"], "formation_e": [-0.07804476976628294, -0.04477270457761762, -0.03802913840815547, -0.03226907805160595, -0.02237248790908497, -0.003028333443250375, 0.17570706495019417, 0.2411795340631664, 0.2420690611953984, 0.24207868716611491, 0.24208638473565625, 0.2587181320306646, 0.2587181320430978, 0.25871813205860983, 0.2661265153026502, 0.32636899444948275, 0.3263689950662587, 0.6904036600080845]}, "(0.6666666667, 0.3333333333)": {"energy": [-3.553203241343836, -3.538745836416842, -3.5339196562760082, -3.5156966957189013, -3.5094310358941505, -3.2089967622909032, -3.208996762128127, -3.195859282570296, -3.13566118555434, -3.042907587555611, -3.0223181775604107, -3.022318177556165], "input_path": ["../../../rss_mlp/Al-Cu/0.0GPa/2_1/opt_struct/POSCAR_30", "../../../rss_mlp/Al-Cu/0.0GPa/2_1/opt_struct/POSCAR_25", "../../../rss_mlp/Al-Cu/0.0GPa/2_1/opt_struct/POSCAR_27", "../../../rss_mlp/Al-Cu/0.0GPa/2_1/opt_struct/POSCAR_24", "../../../rss_mlp/Al-Cu/0.0GPa/2_1/opt_struct/POSCAR_5", "../../../rss_mlp/Al-Cu/0.0GPa/2_1/opt_struct/POSCAR_6", "../../../rss_mlp/Al-Cu/0.0GPa/2_1/opt_struct/POSCAR_2", "../../../rss_mlp/Al-Cu/0.0GPa/2_1/opt_struct/POSCAR_19", "../../../rss_mlp/Al-Cu/0.0GPa/2_1/opt_struct/POSCAR_29", "../../../rss_mlp/Al-Cu/0.0GPa/2_1/opt_struct/POSCAR_13", "../../../rss_mlp/Al-Cu/0.0GPa/2_1/opt_struct/POSCAR_28", "../../../rss_mlp/Al-Cu/0.0GPa/2_1/opt_struct/POSCAR_8"], "is_ghost_minima": [false, false, false, false, false, false, false, false, false, false, false, false], "struct_tag": ["POSCAR_Al2Cu1_No1", "POSCAR_Al2Cu1_No2", "POSCAR_Al2Cu1_No3", "POSCAR_Al2Cu1_No4", "POSCAR_Al2Cu1_No5", "POSCAR_Al2Cu1_No6", "POSCAR_Al2Cu1_No7", "POSCAR_Al2Cu1_No8", "POSCAR_Al2Cu1_No9", "POSCAR_Al2Cu1_No10", "POSCAR_Al2Cu1_No11", "POSCAR_Al2Cu1_No12"], "formation_e": [-0.1059967580977288, -0.09153935317073492, -0.08671317302990111, -0.06849021247279419, -0.062224552648043385, 0.23820972095520387, 0.23820972111798033, 0.25134720067581107, 0.311545297691767, 0.40429889569049626, 0.42488830568569647, 0.42488830568994196]}, "(0.5, 0.5)": {"energy": [-3.60743987992884, -3.6058243629606124, -3.593908705060094, -3.5857436680138393, -3.5732483095861465, -3.5697335525828238, -3.5532800907340687, -3.502241044048148, -3.3510029512607376, -3.3510029512593285, -3.349803830027658, -3.349441431271885, -3.313933644152752, -3.302948523419607, -3.1221301684980625, -3.0879395317715987, -3.0879395317715876, -3.087939531771538, -3.0879395317714686, -3.087939531749717, -3.0175123767784067, -2.737422147679025],