{"(1.0, 0.0)": {"struct_tag": ["POSCAR_Al1_No1", "POSCAR_Al1_No2", "POSCAR_Al1_No3", "POSCAR_Al1_No4", "POSCAR_Al1_No5", "POSCAR_Al1_No6", "POSCAR_Al1_No7", "POSCAR_Al1_No8", "POSCAR_Al1_No9", "POSCAR_Al1_No10", "POSCAR_Al1_No11", "POSCAR_Al1_No12", "POSCAR_Al1_No13", "POSCAR_Al1_No14"], "poscars": ["../../../rss_mlp/Al-Cu/0.0GPa/8_0/opt_struct/POSCAR_1", "../../../rss_mlp/Al-Cu/0.0GPa/6_0/opt_struct/POSCAR_149", "../../../rss_mlp/Al-Cu/0.0GPa/6_0/opt_struct/POSCAR_222", "../../../rss_mlp/Al-Cu/0.0GPa/5_0/opt_struct/POSCAR_133", "../../../rss_mlp/Al-Cu/0.0GPa/5_0/opt_struct/POSCAR_128", "../../../rss_mlp/Al-Cu/0.0GPa/8_0/opt_struct/POSCAR_54", "../../../rss_mlp/Al-Cu/0.0GPa/8_0/opt_struct/POSCAR_27", "../../../rss_mlp/Al-Cu/0.0GPa/6_0/opt_struct/POSCAR_17", "../../../rss_mlp/Al-Cu/0.0GPa/8_0/opt_struct/POSCAR_47", "../../../rss_mlp/Al-Cu/0.0GPa/8_0/opt_struct/POSCAR_68", "../../../rss_mlp/Al-Cu/0.0GPa/8_0/opt_struct/POSCAR_10", "../../../rss_mlp/Al-Cu/0.0GPa/7_0/opt_struct/POSCAR_45", "../../../rss_mlp/Al-Cu/0.0GPa/7_0/opt_struct/POSCAR_82", "../../../rss_mlp/Al-Cu/0.0GPa/7_0/opt_struct/POSCAR_109"], "fe_above_ch": [0.0, 0.010202463404030748, 0.010458422276109047, 0.01220574286901277, 0.012559917679791699, 0.015002224364617511, 0.015704248928968934, 0.0205744137947117, 0.030310757719251402, 0.03940977034109405, 0.040304811850634614, 0.04466580591189295, 0.04571932044063365, 0.047474042125202676], "formation_e": [0.0, 0.010202463404030748, 0.010458422276109047, 0.01220574286901277, 0.012559917679791699, 0.015002224364617511, 0.015704248928968934, 0.0205744137947117, 0.030310757719251402, 0.03940977034109405, 0.040304811850634614, 0.04466580591189295, 0.04571932044063365, 0.047474042125202676]}, "(0.875, 0.125)": {"struct_tag": ["POSCAR_Al7Cu1_No1", "POSCAR_Al7Cu1_No2", "POSCAR_Al7Cu1_No3", "POSCAR_Al7Cu1_No4", "POSCAR_Al7Cu1_No5", "POSCAR_Al7Cu1_No6", "POSCAR_Al7Cu1_No7", "POSCAR_Al7Cu1_No8", "POSCAR_Al7Cu1_No9", "POSCAR_Al7Cu1_No10", "POSCAR_Al7Cu1_No11", "POSCAR_Al7Cu1_No12", "POSCAR_Al7Cu1_No13"], "poscars": ["../../../rss_mlp/Al-Cu/0.0GPa/7_1/opt_struct/POSCAR_48", "../../../rss_mlp/Al-Cu/0.0GPa/7_1/opt_struct/POSCAR_28", "../../../rss_mlp/Al-Cu/0.0GPa/7_1/opt_struct/POSCAR_172", "../../../rss_mlp/Al-Cu/0.0GPa/7_1/opt_struct/POSCAR_104", "../../../rss_mlp/Al-Cu/0.0GPa/7_1/opt_struct/POSCAR_21", "../../../rss_mlp/Al-Cu/0.0GPa/7_1/opt_struct/POSCAR_127", "../../../rss_mlp/Al-Cu/0.0GPa/7_1/opt_struct/POSCAR_141", "../../../rss_mlp/Al-Cu/0.0GPa/7_1/opt_struct/POSCAR_9", "../../../rss_mlp/Al-Cu/0.0GPa/7_1/opt_struct/POSCAR_60", "../../../rss_mlp/Al-Cu/0.0GPa/7_1/opt_struct/POSCAR_55", "../../../rss_mlp/Al-Cu/0.0GPa/7_1/opt_struct/POSCAR_17", "../../../rss_mlp/Al-Cu/0.0GPa/7_1/opt_struct/POSCAR_217", "../../../rss_mlp/Al-Cu/0.0GPa/7_1/opt_struct/POSCAR_87"], "fe_above_ch": [0.024683070512642374, 0.03873132144829802, 0.03941382845141336, 0.03954549018892403, 0.041587423775759164, 0.04159163186438783, 0.04229148894555032, 0.0441813092105767, 0.04432278875427895, 0.04520728052868425, 0.04521907798153399, 0.04610489629947165, 0.04704244259528553], "formation_e": [-0.04141456259970866, -0.02736631166405301, -0.02668380466093767, -0.026552142923427002, -0.02451020933659187, -0.024506001247963205, -0.023806144166800713, -0.021916323901774337, -0.021774844358072087, -0.020890352583666782, -0.020878555130817045, -0.019992736812879386, -0.0190551905170655]}, "(0.8571428571, 0.1428571429)": {"struct_tag": ["POSCAR_Al6Cu1_No1", "POSCAR_Al6Cu1_No2", "POSCAR_Al6Cu1_No3"], "poscars": ["../../../rss_mlp/Al-Cu/0.0GPa/6_1/opt_struct/POSCAR_195", "../../../rss_mlp/Al-Cu/0.0GPa/6_1/opt_struct/POSCAR_25", "../../../rss_mlp/Al-Cu/0.0GPa/6_1/opt_struct/POSCAR_61"], "fe_above_ch": [0.027905540626790293, 0.04395468094410515, 0.04677830771669478], "formation_e": [-0.04763461152427295, -0.03158547120695809, -0.028761844434368466]}, "(0.8333333333, 0.1666666667)": {"struct_tag": ["POSCAR_Al5Cu1_No1"], "poscars": ["../../../rss_mlp/Al-Cu/0.0GPa/5_1/opt_struct/POSCAR_42"], "fe_above_ch": [0.030197229943095885], "formation_e": [-0.05793294755766487]}, "(0.8, 0.2)": {"struct_tag": ["POSCAR_Al4Cu1_No1"], "poscars": ["../../../rss_mlp/Al-Cu/0.0GPa/4_1/opt_struct/POSCAR_8"], "fe_above_ch": [0.0398370051275746], "formation_e": [-0.06591920785218708]}, "(0.75, 0.25)": {"struct_tag": [], "poscars": [], "fe_above_ch": [], "formation_e": []}, "(0.7142857143, 0.2857142857)": {"struct_tag": [], "poscars": [], "fe_above_ch": [], "formation_e": []}, "(0.6666666667, 0.3333333333)": {"struct_tag": ["POSCAR_Al2Cu1_No1"], "poscars": ["../../../rss_mlp/Al-Cu/0.0GPa/2_1/opt_struct/POSCAR_7"], "fe_above_ch": [0.0], "formation_e": [-0.17626035494864345]}, "(0.625, 0.375)": {"struct_tag": [], "poscars": [], "fe_above_ch": [], "formation_e": []}, "(0.6, 0.4)": {"struct_tag": ["POSCAR_Al3Cu2_No1"], "poscars": ["../../../rss_mlp/Al-Cu/0.0GPa/3_2/opt_struct/POSCAR_185"], "fe_above_ch": [0.026656943448905096], "formation_e": [-0.15636631380522203]}, "(0.5714285714, 0.4285714286)": {"struct_tag": ["POSCAR_Al4Cu3_No1", "POSCAR_Al4Cu3_No2", "POSCAR_Al4Cu3_No3"], "poscars": ["../../../rss_mlp/Al-Cu/0.0GPa/4_3/opt_struct/POSCAR_103", "../../../rss_mlp/Al-Cu/0.0GPa/4_3/opt_struct/POSCAR_11", "../../../rss_mlp/Al-Cu/0.0GPa/4_3/opt_struct/POSCAR_17"], "fe_above_ch": [0.025311191714141673, 0.0407435071610526, 0.04519946424635171], "formation_e": [-0.16061045224378478, -0.14517813679687386, -0.14072217971157475]}, "(0.5, 0.5)": {"struct_tag": ["POSCAR_Al1Cu1_No1", "POSCAR_Al1Cu1_No2", "POSCAR_Al1Cu1_No3", "POSCAR_Al1Cu1_No4", "POSCAR_Al1Cu1_No5", "POSCAR_Al1Cu1_No6", "POSCAR_Al1Cu1_No7", "POSCAR_Al1Cu1_No8", "POSCAR_Al1Cu1_No9", "POSCAR_Al1Cu1_No10", "POSCAR_Al1Cu1_No11"], "poscars": ["../../../rss_mlp/Al-Cu/0.0GPa/2_2/opt_struct/POSCAR_38", "../../../rss_mlp/Al-Cu/0.0GPa/4_4/opt_struct/POSCAR_27", "../../../rss_mlp/Al-Cu/0.0GPa/2_2/opt_struct/POSCAR_23", "../../../rss_mlp/Al-Cu/0.0GPa/3_3/opt_struct/POSCAR_75", "../../../rss_mlp/Al-Cu/0.0GPa/2_2/opt_struct/POSCAR_26", "../../../rss_mlp/Al-Cu/0.0GPa/3_3/opt_struct/POSCAR_93", "../../../rss_mlp/Al-Cu/0.0GPa/3_3/opt_struct/POSCAR_137", "../../../rss_mlp/Al-Cu/0.0GPa/3_3/opt_struct/POSCAR_23", "../../../rss_mlp/Al-Cu/0.0GPa/4_4/opt_struct/POSCAR_94", "../../../rss_mlp/Al-Cu/0.0GPa/4_4/opt_struct/POSCAR_115", "../../../rss_mlp/Al-Cu/0.0GPa/3_3/opt_struct/POSCAR_175"], "fe_above_ch": [0.03445591602545786, 0.036094777861143595, 0.036203551996949274, 0.04032986348799275, 0.04263420525599207, 0.044249722224200455, 0.04482700880764526, 0.046529270137924766, 0.04703819875733409, 0.04792462280187085, 0.04795608291683642], "formation_e": [-0.15871169468182256, -0.15707283284613682, -0.15696405871033114, -0.15283774721928767, -0.15053340545128835, -0.14891788848307996, -0.14834060189963516, -0.14663834056935565, -0.14612941194994633, -0.14524298790540957, -0.145211527790444]}, "(0.4285714286, 0.5714285714)": {"struct_tag": ["POSCAR_Al3Cu4_No1", "POSCAR_Al3Cu4_No2", "POSCAR_Al3Cu4_No3", "POSCAR_Al3Cu4_No4", "POSCAR_Al3Cu4_No5", "POSCAR_Al3Cu4_No6", "POSCAR_Al3Cu4_No7", "POSCAR_Al3Cu4_No8", "POSCAR_Al3Cu4_No9"], "poscars": ["../../../rss_mlp/Al-Cu/0.0GPa/3_4/opt_struct/POSCAR_64", "../../../rss_mlp/Al-Cu/0.0GPa/3_4/opt_struct/POSCAR_71", "../../../rss_mlp/Al-Cu/0.0GPa/3_4/opt_struct/POSCAR_194", "../../../rss_mlp/Al-Cu/0.0GPa/3_4/opt_struct/POSCAR_103", "../../../rss_mlp/Al-Cu/0.0GPa/3_4/opt_struct/POSCAR_52", "../../../rss_mlp/Al-Cu/0.0GPa/3_4/opt_struct/POSCAR_34", "../../../rss_mlp/Al-Cu/0.0GPa/3_4/opt_struct/POSCAR_210", "../../../rss_mlp/Al-Cu/0.0GPa/3_4/opt_struct/POSCAR_131", "../../../rss_mlp/Al-Cu/0.0GPa/3_4/opt_struct/POSCAR_74"], "fe_above_ch": [0.014715328658985755, 0.018784966749879534, 0.0220258290012684, 0.03959584672574237, 0.04148645973811607, 0.04410414503367224, 0.046453641197188894, 0.0479046941011593, 0.04900905572694572],