{"(1.0, 0.0)": {"struct_tag": ["POSCAR_Al1_No1", "POSCAR_Al1_No2", "POSCAR_Al1_No3", "POSCAR_Al1_No4", "POSCAR_Al1_No5", "POSCAR_Al1_No6", "POSCAR_Al1_No7", "POSCAR_Al1_No8"], "poscars": ["../../../rss_mlp/Al-Cu/0.0GPa/8_0/opt_struct/POSCAR_1", "../../../rss_mlp/Al-Cu/0.0GPa/6_0/opt_struct/POSCAR_149", "../../../rss_mlp/Al-Cu/0.0GPa/6_0/opt_struct/POSCAR_222", "../../../rss_mlp/Al-Cu/0.0GPa/5_0/opt_struct/POSCAR_133", "../../../rss_mlp/Al-Cu/0.0GPa/5_0/opt_struct/POSCAR_128", "../../../rss_mlp/Al-Cu/0.0GPa/8_0/opt_struct/POSCAR_54", "../../../rss_mlp/Al-Cu/0.0GPa/8_0/opt_struct/POSCAR_27", "../../../rss_mlp/Al-Cu/0.0GPa/6_0/opt_struct/POSCAR_17"], "fe_above_ch": [0.0, 0.010202463404030748, 0.010458422276109047, 0.01220574286901277, 0.012559917679791699, 0.015002224364617511, 0.015704248928968934, 0.0205744137947117], "formation_e": [0.0, 0.010202463404030748, 0.010458422276109047, 0.01220574286901277, 0.012559917679791699, 0.015002224364617511, 0.015704248928968934, 0.0205744137947117]}, "(0.875, 0.125)": {"struct_tag": ["POSCAR_Al7Cu1_No1"], "poscars": ["../../../rss_mlp/Al-Cu/0.0GPa/7_1/opt_struct/POSCAR_48"], "fe_above_ch": [0.024683070512642374], "formation_e": [-0.04141456259970866]}, "(0.8571428571, 0.1428571429)": {"struct_tag": ["POSCAR_Al6Cu1_No1"], "poscars": ["../../../rss_mlp/Al-Cu/0.0GPa/6_1/opt_struct/POSCAR_195"], "fe_above_ch": [0.027905540626790293], "formation_e": [-0.04763461152427295]}, "(0.8333333333, 0.1666666667)": {"struct_tag": [], "poscars": [], "fe_above_ch": [], "formation_e": []}, "(0.8, 0.2)": {"struct_tag": [], "poscars": [], "fe_above_ch": [], "formation_e": []}, "(0.75, 0.25)": {"struct_tag": [], "poscars": [], "fe_above_ch": [], "formation_e": []}, "(0.7142857143, 0.2857142857)": {"struct_tag": [], "poscars": [], "fe_above_ch": [], "formation_e": []}, "(0.6666666667, 0.3333333333)": {"struct_tag": ["POSCAR_Al2Cu1_No1"], "poscars": ["../../../rss_mlp/Al-Cu/0.0GPa/2_1/opt_struct/POSCAR_7"], "fe_above_ch": [0.0], "formation_e": [-0.17626035494864345]}, "(0.625, 0.375)": {"struct_tag": [], "poscars": [], "fe_above_ch": [], "formation_e": []}, "(0.6, 0.4)": {"struct_tag": ["POSCAR_Al3Cu2_No1"], "poscars": ["../../../rss_mlp/Al-Cu/0.0GPa/3_2/opt_struct/POSCAR_185"], "fe_above_ch": [0.026656943448905096], "formation_e": [-0.15636631380522203]}, "(0.5714285714, 0.4285714286)": {"struct_tag": ["POSCAR_Al4Cu3_No1"], "poscars": ["../../../rss_mlp/Al-Cu/0.0GPa/4_3/opt_struct/POSCAR_103"], "fe_above_ch": [0.025311191714141673], "formation_e": [-0.16061045224378478]}, "(0.5, 0.5)": {"struct_tag": [], "poscars": [], "fe_above_ch": [], "formation_e": []}, "(0.4285714286, 0.5714285714)": {"struct_tag": ["POSCAR_Al3Cu4_No1", "POSCAR_Al3Cu4_No2", "POSCAR_Al3Cu4_No3"], "poscars": ["../../../rss_mlp/Al-Cu/0.0GPa/3_4/opt_struct/POSCAR_64", "../../../rss_mlp/Al-Cu/0.0GPa/3_4/opt_struct/POSCAR_71", "../../../rss_mlp/Al-Cu/0.0GPa/3_4/opt_struct/POSCAR_194"], "fe_above_ch": [0.014715328658985755, 0.018784966749879534, 0.0220258290012684], "formation_e": [-0.18569824879764862, -0.18162861070675484, -0.17838774845536598]}, "(0.4, 0.6)": {"struct_tag": ["POSCAR_Al2Cu3_No1", "POSCAR_Al2Cu3_No2"], "poscars": ["../../../rss_mlp/Al-Cu/0.0GPa/2_3/opt_struct/POSCAR_25", "../../../rss_mlp/Al-Cu/0.0GPa/2_3/opt_struct/POSCAR_48"], "fe_above_ch": [0.011234191793190823, 0.02704002684808479], "formation_e": [-0.19207777236724288, -0.17627193731234891]}, "(0.375, 0.625)": {"struct_tag": ["POSCAR_Al3Cu5_No1", "POSCAR_Al3Cu5_No2", "POSCAR_Al3Cu5_No3", "POSCAR_Al3Cu5_No4", "POSCAR_Al3Cu5_No5", "POSCAR_Al3Cu5_No6", "POSCAR_Al3Cu5_No7", "POSCAR_Al3Cu5_No8"], "poscars": ["../../../rss_mlp/Al-Cu/0.0GPa/3_5/opt_struct/POSCAR_189", "../../../rss_mlp/Al-Cu/0.0GPa/3_5/opt_struct/POSCAR_48", "../../../rss_mlp/Al-Cu/0.0GPa/3_5/opt_struct/POSCAR_86", "../../../rss_mlp/Al-Cu/0.0GPa/3_5/opt_struct/POSCAR_220", "../../../rss_mlp/Al-Cu/0.0GPa/3_5/opt_struct/POSCAR_35", "../../../rss_mlp/Al-Cu/0.0GPa/3_5/opt_struct/POSCAR_28", "../../../rss_mlp/Al-Cu/0.0GPa/3_5/opt_struct/POSCAR_63", "../../../rss_mlp/Al-Cu/0.0GPa/3_5/opt_struct/POSCAR_88"], "fe_above_ch": [0.011010981315520307, 0.01328540607774914, 0.015901418892549646, 0.02817585643162318, 0.02931407548011772, 0.02960575371649482, 0.02990346776913383, 0.029950396834874382], "formation_e": [-0.1948370712082017, -0.19256264644597287, -0.18994663363117237, -0.17767219609209883, -0.1765339770436043, -0.1762422988072272, -0.17594458475458818, -0.17589765568884763]}, "(0.3333333333, 0.6666666667)": {"struct_tag": ["POSCAR_Al1Cu2_No1", "POSCAR_Al1Cu2_No2", "POSCAR_Al1Cu2_No3", "POSCAR_Al1Cu2_No4", "POSCAR_Al1Cu2_No5", "POSCAR_Al1Cu2_No6"], "poscars": ["../../../rss_mlp/Al-Cu/0.0GPa/2_4/opt_struct/POSCAR_84", "../../../rss_mlp/Al-Cu/0.0GPa/2_4/opt_struct/POSCAR_22", "../../../rss_mlp/Al-Cu/0.0GPa/2_4/opt_struct/POSCAR_25", "../../../rss_mlp/Al-Cu/0.0GPa/1_2/opt_struct/POSCAR_10", "../../../rss_mlp/Al-Cu/0.0GPa/2_4/opt_struct/POSCAR_60", "../../../rss_mlp/Al-Cu/0.0GPa/2_4/opt_struct/POSCAR_112"], "fe_above_ch": [-2.7755575615628914e-17, 0.010497415607900934, 0.011197982573761561, 0.01221929787158646, 0.015119004524477092, 0.028704522412357186], "formation_e": [-0.21007486646591733, -0.19957745085801637, -0.19887688389215574, -0.19785556859433084, -0.1949558619414402, -0.18137034405356012]}, "(0.2857142857, 0.7142857143)": {"struct_tag": ["POSCAR_Al2Cu5_No1"], "poscars": ["../../../rss_mlp/Al-Cu/0.0GPa/2_5/opt_struct/POSCAR_7"], "fe_above_ch": [0.019823369820727577], "formation_e": [-0.18264521505744957]}, "(0.25, 0.75)": {"struct_tag": ["POSCAR_Al1Cu3_No1", "POSCAR_Al1Cu3_No2"], "poscars": ["../../../rss_mlp/Al-Cu/0.0GPa/2_6/opt_struct/POSCAR_4", "../../../rss_mlp/Al-Cu/0.0GPa/1_3/opt_struct/POSCAR_9"], "fe_above_ch": [0.0, 0.011669355337296405], "formation_e": [-0.19676387368737203, -0.18509451835007562]}, "(0.2, 0.8)": {"struct_tag": ["POSCAR_Al1Cu4_No1"], "poscars": ["../../../rss_mlp/Al-Cu/0.0GPa/1_4/opt_struct/POSCAR_3"], "fe_above_ch": [0.006968134128362641], "formation_e": [-0.15044296482153507]}, "(0.1666666667, 0.8333333333)": {"struct_tag": ["POSCAR_Al1Cu5_No1", "POSCAR_Al1Cu5_No2", "POSCAR_Al1Cu5_No3", "POSCAR_Al1Cu5_No4", "POSCAR_Al1Cu5_No5"], "poscars": ["../../../rss_mlp/Al-Cu/0.0GPa/1_5/opt_struct/POSCAR_188", "../../../rss_mlp/Al-Cu/0.0GPa/1_5/opt_struct/POSCAR_105", "../../../rss_mlp/Al-Cu/0.0GPa/1_5/opt_struct/POSCAR_18", "../../../rss_mlp/Al-Cu/0.0GPa/1_5/opt_struct/POSCAR_20", "../../../rss_mlp/Al-Cu/0.0GPa/1_5/opt_struct/POSCAR_59"], "fe_above_ch": [9.172217189071241e-05, 0.0002603934571202837, 0.001161708916650156, 0.006163755341067084, 0.00982635663246137], "formation_e": [-0.13108419364592594, -0.13091552236069637, -0.1300142069011665, -0.12501216047674957, -0.12134955918535528]}, "(0.1428571429, 0.8571428571)": {"struct_tag": ["POSCAR_Al1Cu6_No1", "POSCAR_Al1Cu6_No2"], "poscars": ["../../../rss_mlp/Al-Cu/0.0GPa/1_6/opt_struct/POSCAR_8", "../../../rss_mlp/Al-Cu/0.0GPa/1_6/opt_struct/POSCAR_9"], "fe_above_ch": [0.007120899157704558, 0.010592750900235953], "formation_e": [-0.10531560012595342, -0.10184374838342203]}, "(0.125, 0.875)": {"struct_tag": ["POSCAR_Al1Cu7_No1", "POSCAR_Al1Cu7_No2", "POSCAR_Al1Cu7_No3", "POSCAR_Al1Cu7_No4", "POSCAR_Al1Cu7_No5", "POSCAR_Al1Cu7_No6", "POSCAR_Al1Cu7_No7", "POSCAR_Al1Cu7_No8", "POSCAR_Al1Cu7_No9", "POSCAR_Al1Cu7_No10"], "poscars": ["../../../rss_mlp/Al-Cu/0.0GPa/1_7/opt_struct/POSCAR_28", "../../../rss_mlp/Al-Cu/0.0GPa/1_7/opt_struct/POSCAR_133", "../../../rss_mlp/Al-Cu/0.0GPa/1_7/opt_struct/POSCAR_92", "../../../rss_mlp/Al-Cu/0.0GPa/1_7/opt_struct/POSCAR_15", "../../../rss_mlp/Al-Cu/0.0GPa/1_7/opt_struct/POSCAR_17", "../../../rss_mlp/Al-Cu/0.0GPa/1_7/opt_struct/POSCAR_137", "../../../rss_mlp/Al-Cu/0.0GPa/1_7/opt_struct/POSCAR_31", "../../../rss_mlp/Al-Cu/0.0GPa/1_7/opt_struct/POSCAR_178", "../../../rss_mlp/Al-Cu/0.0GPa/1_7/opt_struct/POSCAR_150", "../../../rss_mlp/Al-Cu/0.0GPa/1_7/opt_struct/POSCAR_16"],