{"(1.0, 0.0)": {"formation_e": [0.0], "poscars": ["../../../rss_mlp/Al-Cu/0.0GPa/2_0/opt_struct/POSCAR_1"], "fe_above_ch": [0.0]}, "(0.875, 0.125)": {"formation_e": [], "poscars": [], "fe_above_ch": []}, "(0.8571428571, 0.1428571429)": {"formation_e": [], "poscars": [], "fe_above_ch": []}, "(0.8333333333, 0.1666666667)": {"formation_e": [], "poscars": [], "fe_above_ch": []}, "(0.8, 0.2)": {"formation_e": [], "poscars": [], "fe_above_ch": []}, "(0.75, 0.25)": {"formation_e": [], "poscars": [], "fe_above_ch": []}, "(0.7142857143, 0.2857142857)": {"formation_e": [], "poscars": [], "fe_above_ch": []}, "(0.6666666667, 0.3333333333)": {"formation_e": [-0.17626035494864967], "poscars": ["../../../rss_mlp/Al-Cu/0.0GPa/2_1/opt_struct/POSCAR_7"], "fe_above_ch": [0.0]}, "(0.625, 0.375)": {"formation_e": [], "poscars": [], "fe_above_ch": []}, "(0.6, 0.4)": {"formation_e": [], "poscars": [], "fe_above_ch": []}, "(0.5714285714, 0.4285714286)": {"formation_e": [], "poscars": [], "fe_above_ch": []}, "(0.5, 0.5)": {"formation_e": [], "poscars": [], "fe_above_ch": []}, "(0.4285714286, 0.5714285714)": {"formation_e": [], "poscars": [], "fe_above_ch": []}, "(0.4, 0.6)": {"formation_e": [], "poscars": [], "fe_above_ch": []}, "(0.375, 0.625)": {"formation_e": [], "poscars": [], "fe_above_ch": []}, "(0.3333333333, 0.6666666667)": {"formation_e": [-0.21007486646592133], "poscars": ["../../../rss_mlp/Al-Cu/0.0GPa/2_4/opt_struct/POSCAR_84"], "fe_above_ch": [-5.551115123125783e-17]}, "(0.2857142857, 0.7142857143)": {"formation_e": [], "poscars": [], "fe_above_ch": []}, "(0.25, 0.75)": {"formation_e": [-0.19676387368737513], "poscars": ["../../../rss_mlp/Al-Cu/0.0GPa/2_6/opt_struct/POSCAR_4"], "fe_above_ch": [-2.7755575615628914e-17]}, "(0.2, 0.8)": {"formation_e": [-0.15044296482153774], "poscars": ["../../../rss_mlp/Al-Cu/0.0GPa/1_4/opt_struct/POSCAR_3"], "fe_above_ch": [0.006968134128362363]}, "(0.1666666667, 0.8333333333)": {"formation_e": [-0.13108419364592905, -0.13091552236069948, -0.1300142069011696, -0.12501216047675268, -0.12134955918535839], "poscars": ["../../../rss_mlp/Al-Cu/0.0GPa/1_5/opt_struct/POSCAR_188", "../../../rss_mlp/Al-Cu/0.0GPa/1_5/opt_struct/POSCAR_105", "../../../rss_mlp/Al-Cu/0.0GPa/1_5/opt_struct/POSCAR_18", "../../../rss_mlp/Al-Cu/0.0GPa/1_5/opt_struct/POSCAR_20", "../../../rss_mlp/Al-Cu/0.0GPa/1_5/opt_struct/POSCAR_59"], "fe_above_ch": [9.172217188954668e-05, 0.000260393457119118, 0.0011617089166489902, 0.0061637553410659185, 0.009826356632460204]}, "(0.1428571429, 0.8571428571)": {"formation_e": [-0.10531560012595564], "poscars": ["../../../rss_mlp/Al-Cu/0.0GPa/1_6/opt_struct/POSCAR_8"], "fe_above_ch": [0.007120899157703878]}, "(0.125, 0.875)": {"formation_e": [-0.09301267010167447, -0.09254277192036398, -0.09173998302997033, -0.09123749935744296, -0.0900457916916273, -0.08984561845683592, -0.08864627948681525, -0.08859220669056223], "poscars": ["../../../rss_mlp/Al-Cu/0.0GPa/1_7/opt_struct/POSCAR_28", "../../../rss_mlp/Al-Cu/0.0GPa/1_7/opt_struct/POSCAR_133", "../../../rss_mlp/Al-Cu/0.0GPa/1_7/opt_struct/POSCAR_92", "../../../rss_mlp/Al-Cu/0.0GPa/1_7/opt_struct/POSCAR_15", "../../../rss_mlp/Al-Cu/0.0GPa/1_7/opt_struct/POSCAR_17", "../../../rss_mlp/Al-Cu/0.0GPa/1_7/opt_struct/POSCAR_137", "../../../rss_mlp/Al-Cu/0.0GPa/1_7/opt_struct/POSCAR_31", "../../../rss_mlp/Al-Cu/0.0GPa/1_7/opt_struct/POSCAR_178"], "fe_above_ch": [0.005369266742013046, 0.0058391649233235365, 0.006641953813717183, 0.007144437486244548, 0.008336145152060215, 0.008536318386851593, 0.009735657356872263, 0.009789730153125287]}, "(0.0, 1.0)": {"formation_e": [0.0, 0.0023570395961920454, 0.003080386299050719, 0.0033030870116079747, 0.003916159120282092, 0.004140206979259986, 0.0055623788226042414, 0.006752777194813486, 0.008508546536630579], "poscars": ["../../../rss_mlp/Al-Cu/0.0GPa/0_2/opt_struct/POSCAR_2", "../../../rss_mlp/Al-Cu/0.0GPa/0_7/opt_struct/POSCAR_10", "../../../rss_mlp/Al-Cu/0.0GPa/0_5/opt_struct/POSCAR_182", "../../../rss_mlp/Al-Cu/0.0GPa/0_5/opt_struct/POSCAR_107", "../../../rss_mlp/Al-Cu/0.0GPa/0_4/opt_struct/POSCAR_65", "../../../rss_mlp/Al-Cu/0.0GPa/0_8/opt_struct/POSCAR_88", "../../../rss_mlp/Al-Cu/0.0GPa/0_6/opt_struct/POSCAR_28", "../../../rss_mlp/Al-Cu/0.0GPa/0_5/opt_struct/POSCAR_104", "../../../rss_mlp/Al-Cu/0.0GPa/0_2/opt_struct/POSCAR_9"], "fe_above_ch": [0.0, 0.0023570395961920454, 0.003080386299050719, 0.0033030870116079747, 0.003916159120282092, 0.004140206979259986, 0.0055623788226042414, 0.006752777194813486, 0.008508546536630579]}}