{"(1.0, 0.0)": {"formation_e": [0.0, 0.010202463404022755, 0.010458422276101054, 0.012205742869004776, 0.012559917679783705, 0.015002224364609518, 0.01570424892896094, 0.020574413794703705], "poscars": ["../../../rss_mlp/Al-Cu/0.0GPa/2_0/opt_struct/POSCAR_1", "../../../rss_mlp/Al-Cu/0.0GPa/6_0/opt_struct/POSCAR_149", "../../../rss_mlp/Al-Cu/0.0GPa/6_0/opt_struct/POSCAR_222", "../../../rss_mlp/Al-Cu/0.0GPa/5_0/opt_struct/POSCAR_133", "../../../rss_mlp/Al-Cu/0.0GPa/5_0/opt_struct/POSCAR_128", "../../../rss_mlp/Al-Cu/0.0GPa/8_0/opt_struct/POSCAR_54", "../../../rss_mlp/Al-Cu/0.0GPa/8_0/opt_struct/POSCAR_27", "../../../rss_mlp/Al-Cu/0.0GPa/6_0/opt_struct/POSCAR_17"], "fe_above_ch": [0.0, 0.010202463404022755, 0.010458422276101054, 0.012205742869004776, 0.012559917679783705, 0.015002224364609518, 0.01570424892896094, 0.020574413794703705]}, "(0.875, 0.125)": {"formation_e": [-0.041414562599715765], "poscars": ["../../../rss_mlp/Al-Cu/0.0GPa/7_1/opt_struct/POSCAR_48"], "fe_above_ch": [0.0246830705126376]}, "(0.8571428571, 0.1428571429)": {"formation_e": [-0.04763461152427961], "poscars": ["../../../rss_mlp/Al-Cu/0.0GPa/6_1/opt_struct/POSCAR_195"], "fe_above_ch": [0.027905540626786296]}, "(0.8333333333, 0.1666666667)": {"formation_e": [], "poscars": [], "fe_above_ch": []}, "(0.8, 0.2)": {"formation_e": [], "poscars": [], "fe_above_ch": []}, "(0.75, 0.25)": {"formation_e": [], "poscars": [], "fe_above_ch": []}, "(0.7142857143, 0.2857142857)": {"formation_e": [], "poscars": [], "fe_above_ch": []}, "(0.6666666667, 0.3333333333)": {"formation_e": [-0.17626035494864967], "poscars": ["../../../rss_mlp/Al-Cu/0.0GPa/2_1/opt_struct/POSCAR_7"], "fe_above_ch": [0.0]}, "(0.625, 0.375)": {"formation_e": [], "poscars": [], "fe_above_ch": []}, "(0.6, 0.4)": {"formation_e": [-0.15636631380522736], "poscars": ["../../../rss_mlp/Al-Cu/0.0GPa/3_2/opt_struct/POSCAR_185"], "fe_above_ch": [0.02665694344890554]}, "(0.5714285714, 0.4285714286)": {"formation_e": [-0.1606104522437901], "poscars": ["../../../rss_mlp/Al-Cu/0.0GPa/4_3/opt_struct/POSCAR_103"], "fe_above_ch": [0.025311191714141923]}, "(0.5, 0.5)": {"formation_e": [], "poscars": [], "fe_above_ch": []}, "(0.4285714286, 0.5714285714)": {"formation_e": [-0.18569824879765306, -0.18162861070675929, -0.17838774845537042], "poscars": ["../../../rss_mlp/Al-Cu/0.0GPa/3_4/opt_struct/POSCAR_64", "../../../rss_mlp/Al-Cu/0.0GPa/3_4/opt_struct/POSCAR_71", "../../../rss_mlp/Al-Cu/0.0GPa/3_4/opt_struct/POSCAR_194"], "fe_above_ch": [0.014715328658985949, 0.018784966749879728, 0.022025829001268593]}, "(0.4, 0.6)": {"formation_e": [-0.19207777236724688, -0.1762719373123529], "poscars": ["../../../rss_mlp/Al-Cu/0.0GPa/2_3/opt_struct/POSCAR_25", "../../../rss_mlp/Al-Cu/0.0GPa/2_3/opt_struct/POSCAR_48"], "fe_above_ch": [0.011234191793191267, 0.027040026848085236]}, "(0.375, 0.625)": {"formation_e": [-0.1948370712082057, -0.19256264644597687, -0.18994663363117636, -0.17767219609210283, -0.1765339770436083, -0.1762422988072312, -0.17594458475459218, -0.17589765568885163], "poscars": ["../../../rss_mlp/Al-Cu/0.0GPa/3_5/opt_struct/POSCAR_189", "../../../rss_mlp/Al-Cu/0.0GPa/3_5/opt_struct/POSCAR_48", "../../../rss_mlp/Al-Cu/0.0GPa/3_5/opt_struct/POSCAR_86", "../../../rss_mlp/Al-Cu/0.0GPa/3_5/opt_struct/POSCAR_220", "../../../rss_mlp/Al-Cu/0.0GPa/3_5/opt_struct/POSCAR_35", "../../../rss_mlp/Al-Cu/0.0GPa/3_5/opt_struct/POSCAR_28", "../../../rss_mlp/Al-Cu/0.0GPa/3_5/opt_struct/POSCAR_63", "../../../rss_mlp/Al-Cu/0.0GPa/3_5/opt_struct/POSCAR_88"], "fe_above_ch": [0.011010981315520585, 0.013285406077749418, 0.015901418892549923, 0.02817585643162346, 0.029314075480117996, 0.029605753716495098, 0.029903467769134107, 0.02995039683487466]}, "(0.3333333333, 0.6666666667)": {"formation_e": [-0.21007486646592133, -0.19957745085802037, -0.19887688389215974, -0.19785556859436015, -0.1949558619414442, -0.18137034405356411], "poscars": ["../../../rss_mlp/Al-Cu/0.0GPa/2_4/opt_struct/POSCAR_84", "../../../rss_mlp/Al-Cu/0.0GPa/2_4/opt_struct/POSCAR_22", "../../../rss_mlp/Al-Cu/0.0GPa/2_4/opt_struct/POSCAR_25", "../../../rss_mlp/Al-Cu/0.0GPa/2_4/opt_struct/POSCAR_77", "../../../rss_mlp/Al-Cu/0.0GPa/2_4/opt_struct/POSCAR_60", "../../../rss_mlp/Al-Cu/0.0GPa/2_4/opt_struct/POSCAR_112"], "fe_above_ch": [-5.551115123125783e-17, 0.010497415607900906, 0.011197982573761533, 0.012219297871561119, 0.015119004524477064, 0.02870452241235716]}, "(0.2857142857, 0.7142857143)": {"formation_e": [-0.18264521505745313], "poscars": ["../../../rss_mlp/Al-Cu/0.0GPa/2_5/opt_struct/POSCAR_7"], "fe_above_ch": [0.019823369820727466]}, "(0.25, 0.75)": {"formation_e": [-0.19676387368737513, -0.18509451834999702], "poscars": ["../../../rss_mlp/Al-Cu/0.0GPa/2_6/opt_struct/POSCAR_4", "../../../rss_mlp/Al-Cu/0.0GPa/2_6/opt_struct/POSCAR_76"], "fe_above_ch": [-2.7755575615628914e-17, 0.01166935533737809]}, "(0.2, 0.8)": {"formation_e": [-0.15044296482153774], "poscars": ["../../../rss_mlp/Al-Cu/0.0GPa/1_4/opt_struct/POSCAR_3"], "fe_above_ch": [0.006968134128362363]}, "(0.1666666667, 0.8333333333)": {"formation_e": [-0.13108419364592905, -0.13091552236069948, -0.1300142069011696, -0.12501216047675268, -0.12134955918535839], "poscars": ["../../../rss_mlp/Al-Cu/0.0GPa/1_5/opt_struct/POSCAR_188", "../../../rss_mlp/Al-Cu/0.0GPa/1_5/opt_struct/POSCAR_105", "../../../rss_mlp/Al-Cu/0.0GPa/1_5/opt_struct/POSCAR_18", "../../../rss_mlp/Al-Cu/0.0GPa/1_5/opt_struct/POSCAR_20", "../../../rss_mlp/Al-Cu/0.0GPa/1_5/opt_struct/POSCAR_59"], "fe_above_ch": [9.172217188954668e-05, 0.000260393457119118, 0.0011617089166489902, 0.0061637553410659185, 0.009826356632460204]}, "(0.1428571429, 0.8571428571)": {"formation_e": [-0.10531560012595564, -0.10184374838342425], "poscars": ["../../../rss_mlp/Al-Cu/0.0GPa/1_6/opt_struct/POSCAR_8", "../../../rss_mlp/Al-Cu/0.0GPa/1_6/opt_struct/POSCAR_9"], "fe_above_ch": [0.007120899157703878, 0.010592750900235273]}, "(0.125, 0.875)": {"formation_e": [-0.09301267010167447, -0.09254277192036398, -0.09173998302997033, -0.09123749935744296, -0.0900457916916273, -0.08984561845683592, -0.08864627948681525, -0.08859220669056223, -0.07071584441844703, -0.0688482189246975], "poscars": ["../../../rss_mlp/Al-Cu/0.0GPa/1_7/opt_struct/POSCAR_28", "../../../rss_mlp/Al-Cu/0.0GPa/1_7/opt_struct/POSCAR_133", "../../../rss_mlp/Al-Cu/0.0GPa/1_7/opt_struct/POSCAR_92", "../../../rss_mlp/Al-Cu/0.0GPa/1_7/opt_struct/POSCAR_15", "../../../rss_mlp/Al-Cu/0.0GPa/1_7/opt_struct/POSCAR_17", "../../../rss_mlp/Al-Cu/0.0GPa/1_7/opt_struct/POSCAR_137", "../../../rss_mlp/Al-Cu/0.0GPa/1_7/opt_struct/POSCAR_31", "../../../rss_mlp/Al-Cu/0.0GPa/1_7/opt_struct/POSCAR_178", "../../../rss_mlp/Al-Cu/0.0GPa/1_7/opt_struct/POSCAR_150", "../../../rss_mlp/Al-Cu/0.0GPa/1_7/opt_struct/POSCAR_16"], "fe_above_ch": [0.005369266742013046, 0.0058391649233235365, 0.006641953813717183, 0.007144437486244548, 0.008336145152060215, 0.008536318386851593, 0.009735657356872263, 0.009789730153125287, 0.027666092425240485, 0.02953371791899001]}, "(0.0, 1.0)": {"formation_e": [0.0, 0.0023570395961920454, 0.003080386299050719, 0.0033030870116079747, 0.003916159120282092, 0.004140206979259986, 0.0055623788226042414, 0.006752777194813486, 0.008508546536630579], "poscars": ["../../../rss_mlp/Al-Cu/0.0GPa/0_2/opt_struct/POSCAR_2", "../../../rss_mlp/Al-Cu/0.0GPa/0_7/opt_struct/POSCAR_10", "../../../rss_mlp/Al-Cu/0.0GPa/0_5/opt_struct/POSCAR_182", "../../../rss_mlp/Al-Cu/0.0GPa/0_5/opt_struct/POSCAR_107", "../../../rss_mlp/Al-Cu/0.0GPa/0_4/opt_struct/POSCAR_65", "../../../rss_mlp/Al-Cu/0.0GPa/0_8/opt_struct/POSCAR_88", "../../../rss_mlp/Al-Cu/0.0GPa/0_6/opt_struct/POSCAR_28", "../../../rss_mlp/Al-Cu/0.0GPa/0_5/opt_struct/POSCAR_104", "../../../rss_mlp/Al-Cu/0.0GPa/0_2/opt_struct/POSCAR_9"], "fe_above_ch": [0.0, 0.0023570395961920454, 0.003080386299050719, 0.0033030870116079747, 0.003916159120282092, 0.004140206979259986, 0.0055623788226042414, 0.006752777194813486, 0.008508546536630579]}}